tid,posx,posy,posz,velx,vely,velz,accx,accy,accz,pointx1,pointy1,pointz1,doppler1,snr1,pointx2,pointy2,pointz2,doppler2,snr2,pointx3,pointy3,pointz3,doppler3,snr3,pointx4,pointy4,pointz4,doppler4,snr4,pointx5,pointy5,pointz5,doppler5,snr5,pointx6,pointy6,pointz6,doppler6,snr6,pointx7,pointy7,pointz7,doppler7,snr7,pointx8,pointy8,pointz8,doppler8,snr8,pointx9,pointy9,pointz9,doppler9,snr9,pointx10,pointy10,pointz10,doppler10,snr10,pointx11,pointy11,pointz11,doppler11,snr11,pointx12,pointy12,pointz12,doppler12,snr12,pointx13,pointy13,pointz13,doppler13,snr13
0.0,-1.3965275158511758e-08,3.1517763137817383,-0.27422887086868286,3.8944114066907787e-07,-0.20436495542526245,-0.2879893481731415,1.8335889251375193e-07,-0.28794384002685547,-0.17300915718078613,0.0,3.3380985260009766,-0.9169578552246094,-0.19175104796886444,19.0,0.0,3.475069999694824,-0.8096694946289062,-0.19175104796886444,14.25,0.0,3.209352493286133,-0.5056858062744141,-0.3835020959377289,17.25,0.0,3.039836883544922,0.07617473602294922,-0.3835020959377289,20.25,0.0,3.0698776245117188,0.05507469177246094,-0.3835020959377289,22.0,0.0,3.0863285064697266,0.031828880310058594,0.0,23.75,,,,,,,,,,,,,,,,,,,,,,,,,,,,,,,,,,,
0.0,1.9025492292712443e-08,3.142915964126587,-0.3670434057712555,3.9874632307146385e-07,-0.24847880005836487,-0.41417598724365234,1.7798751628106402e-07,-0.33305904269218445,-0.2612875699996948,0.0,3.2923221588134766,-0.6730556488037109,-0.19175104796886444,22.75,0.0,3.3659934997558594,-0.7284879684448242,-0.19175104796886444,23.75,0.0,3.4525394439697266,-0.7281303405761719,-0.19175104796886444,17.75,0.0,3.1685829162597656,-0.3848075866699219,-0.5752531439065933,18.25,0.0,3.003716468811035,-0.11730194091796875,-0.7670041918754578,15.75,0.0,3.2165050506591797,-0.39696693420410156,0.0,26.0,0.0,3.11887264251709,-0.031113624572753906,0.0,28.75,,,,,,,,,,,,,,,,,,,,,,,,,,,,,,
0.0,4.009974929886084e-08,3.1176111698150635,-0.4700046479701996,3.900176750448736e-07,-0.3588055372238159,-0.5315130352973938,1.615373292906952e-07,-0.482218861579895,-0.32473278045654297,0.0,3.591299057006836,-1.8246173858642578,-0.19175104796886444,12.5,0.0,3.426074981689453,-1.544952392578125,-0.3835020959377289,15.5,0.0,3.280520439147949,-1.0739564895629883,-0.5752531439065933,22.5,0.0,3.3670663833618164,-1.216292381286621,-0.5752531439065933,18.25,0.0,3.2390356063842773,-0.7681846618652344,-0.5752531439065933,22.5,0.0,3.131747245788574,-0.15842914581298828,-0.5752531439065933,21.0,0.0,2.8939247131347656,0.03647804260253906,-0.7670041918754578,13.75,0.0,3.0080080032348633,0.04291534423828125,-0.5752531439065933,19.25,0.0,3.293752670288086,-0.9731054306030273,0.0,24.5,0.0,3.2154321670532227,-0.3483295440673828,0.0,26.0,0.0,3.1110048294067383,-0.056862831115722656,0.0,29.0,,,,,,,,,,
0.0,5.4456748443953984e-08,3.077946424484253,-0.5259298086166382,3.72119586700137e-07,-0.45931899547576904,-0.5505753755569458,1.4019353500316356e-07,-0.5835317969322205,-0.3013922870159149,0.0,3.398895263671875,-1.5399456024169922,-0.3835020959377289,14.25,0.0,3.3091306686401367,-1.111149787902832,-0.3835020959377289,19.75,0.0,3.362417221069336,-1.2284517288208008,-0.3835020959377289,18.25,0.0,3.2193660736083984,-0.9566545486450195,-0.3835020959377289,18.0,0.0,3.0755996704101562,-0.32258033752441406,-0.3835020959377289,16.75,0.0,2.7219057083129883,0.06759166717529297,-0.9587552398443222,14.25,0.0,2.797722816467285,0.0514984130859375,-0.7670041918754578,19.5,0.0,2.890348434448242,0.018596649169921875,-0.7670041918754578,19.25,0.0,3.420710563659668,-1.0253190994262695,0.0,17.5,0.0,3.322005271911621,-0.8744001388549805,0.0,22.25,0.0,3.216862678527832,-0.3737211227416992,0.0,24.75,0.0,3.1031370162963867,-0.04756450653076172,0.0,28.25,,,,,
0.0,6.993846568548179e-08,3.0183606147766113,-0.5438636541366577,3.556537251370173e-07,-0.5648682713508606,-0.49869221448898315,1.208155993026594e-07,-0.6655867099761963,-0.2217482179403305,0.0,3.0241012573242188,-1.9479990005493164,-0.9587552398443222,15.75,0.0,3.2958984375,-1.8249750137329102,-0.7670041918754578,12.5,0.0,3.1260251998901367,-1.3893842697143555,-0.9587552398443222,18.25,0.0,3.154635429382324,-0.9323358535766602,-0.7670041918754578,20.75,0.0,3.081679344177246,-0.5918741226196289,-0.3835020959377289,19.25,0.0,2.7304887771606445,0.004649162292480469,-0.5752531439065933,12.5,0.0,2.8148889541625977,0.04220008850097656,-0.5752531439065933,19.5,0.0,2.9021501541137695,-0.028967857360839844,-0.7670041918754578,19.25,0.0,3.286600112915039,-0.9355545043945312,0.0,22.25,0.0,3.2050609588623047,-0.5868673324584961,0.0,25.75,,,,,,,,,,,,,,,
0.0,7.34089269371907e-08,2.9442782402038574,-0.6006438136100769,3.229334879506496e-07,-0.6955190300941467,-0.5174731016159058,9.238002007805335e-08,-0.7739540934562683,-0.20594343543052673,0.0,3.202199935913086,-1.2477636337280273,-1.1505062878131866,18.5,0.0,3.264784812927246,-1.4122724533081055,-0.7670041918754578,16.5,0.0,3.104567527770996,-0.9992122650146484,-0.5752531439065933,18.25,0.0,3.002285957336426,-0.811457633972168,-0.3835020959377289,22.5,0.0,2.911806106567383,-0.5539655685424805,-0.3835020959377289,21.25,0.0,2.521634101867676,-0.1977682113647461,-0.7670041918754578,13.5,0.0,2.636432647705078,-0.12552738189697266,-0.7670041918754578,19.0,0.0,2.76339054107666,-0.1112222671508789,-1.342257335782051,20.25,0.0,3.2848119735717773,-0.9344816207885742,0.0,19.25,0.0,3.2036304473876953,-0.605463981628418,0.0,23.0,,,,,,,,,,,,,,,
0.0,7.295737702861516e-08,2.83467173576355,-0.6879827380180359,2.845478661583911e-07,-0.941972017288208,-0.5589577555656433,6.135453389788381e-08,-1.0634430646896362,-0.18362905085086823,0.0,3.100275993347168,-1.7774105072021484,-1.342257335782051,16.5,0.0,3.059864044189453,-1.5320777893066406,-1.342257335782051,18.0,0.0,2.9965639114379883,-1.2170076370239258,-1.342257335782051,19.5,0.0,2.8967857360839844,-0.8711814880371094,-1.342257335782051,23.0,0.0,2.957582473754883,-0.9380578994750977,-1.342257335782051,23.75,0.0,2.777695655822754,-0.5185604095458984,-1.1505062878131866,16.0,0.0,2.471923828125,-0.08797645568847656,-1.1505062878131866,14.75,0.0,2.568483352661133,-0.1201629638671875,-1.1505062878131866,16.75,0.0,3.2422542572021484,-1.1261701583862305,0.0,19.75,,,,,,,,,,,,,,,,,,,,
0.0,6.906577709742123e-08,2.719907283782959,-0.8047050833702087,2.452949843245733e-07,-1.0966895818710327,-0.6778975129127502,3.235777157328812e-08,-1.1323142051696777,-0.2621908187866211,0.0,2.857804298400879,-1.633286476135254,-0.19175104796886444,18.0,0.0,2.9375553131103516,-1.741647720336914,-0.19175104796886444,18.5,0.0,3.100275993347168,-1.6779899597167969,-0.19175104796886444,14.0,0.0,2.807021141052246,-1.330733299255371,-0.5752531439065933,17.5,0.0,2.7118921279907227,-1.072525978088379,-0.5752531439065933,21.25,0.0,2.6013851165771484,-0.6490945816040039,-1.342257335782051,23.25,0.0,2.349972724914551,-0.39696693420410156,-1.5340083837509155,17.0,0.0,2.445101737976074,-0.42307376861572266,-1.5340083837509155,25.0,0.0,2.4983882904052734,-0.45990943908691406,-1.5340083837509155,26.75,0.0,1.8485784530639648,-1.394033432006836,0.0,18.5,,,,,,,,,,,,,,,
0.0,6.680880204612549e-08,2.5710272789001465,-0.9700825810432434,2.1036785824435356e-07,-1.2869142293930054,-0.8730782270431519,7.719634709246748e-09,-1.2251743078231812,-0.40197819471359253,0.0,2.9093027114868164,-1.7377138137817383,0.19175104796886444,16.0,0.0,2.2383928298950195,-1.018524169921875,-1.1505062878131866,25.75,0.0,2.4025440216064453,-1.2960433959960938,-2.3010125756263733,19.5,0.0,2.6897192001342773,-1.2856721878051758,-0.5752531439065933,21.0,0.0,2.756953239440918,-1.3425350189208984,-0.5752531439065933,21.75,0.0,2.8449296951293945,-1.4816522598266602,-0.3835020959377289,18.25,0.0,2.169013023376465,-0.8257627487182617,-1.72575943171978,26.5,0.0,2.192974090576172,-0.8994340896606445,-1.1505062878131866,29.25,,,,,,,,,,,,,,,,,,,,,,,,,
0.0,6.260886209474847e-08,2.4173049926757812,-1.1408950090408325,1.7489523429503606e-07,-1.462645411491394,-1.055209755897522,-1.5967872357691704e-08,-1.2928352355957031,-0.5197414755821228,0.0,2.098202705383301,-1.1844635009765625,-0.5752531439065933,24.0,0.0,2.167224884033203,-1.2542009353637695,-1.72575943171978,23.25,0.0,2.3152828216552734,-1.3003349304199219,-1.72575943171978,15.5,0.0,2.5434494018554688,-1.4744997024536133,-1.72575943171978,12.75,0.0,2.750873565673828,-1.5224218368530273,-1.1505062878131866,16.75,0.0,2.833843231201172,-1.5835762023925781,0.19175104796886444,17.0,0.0,2.0302534103393555,-1.0045766830444336,-1.1505062878131866,21.0,0.0,2.979755401611328,-1.5832185745239258,0.19175104796886444,13.0,,,,,,,,,,,,,,,,,,,,,,,,,
0.0,6.413067410449003e-08,2.235825300216675,-1.2476450204849243,1.5020387422737258e-07,-1.6396549940109253,-1.102646827697754,-3.128342385139149e-08,-1.3445850610733032,-0.5117819309234619,0.0,2.07674503326416,-1.349329948425293,-0.9587552398443222,18.0,0.0,1.9136667251586914,-1.1125802993774414,-0.9587552398443222,22.25,0.0,1.9862651824951172,-1.2516975402832031,-0.9587552398443222,22.5,0.0,2.3317337036132812,-1.2813806533813477,-0.7670041918754578,12.0,0.0,1.8231868743896484,-0.9609460830688477,-0.9587552398443222,12.0,,,,,,,,,,,,,,,,,,,,,,,,,,,,,,,,,,,,,,,,
0.0,1.8838890447625545e-09,3.950176477432251,0.2165505439043045,2.066712578852048e-09,-0.09485600143671036,0.7906275987625122,6.017333853414186e-10,-0.592109739780426,0.17218969762325287,0.0,3.792285919189453,-1.3589859008789062,-0.19175104796886444,18.5,0.0,3.77655029296875,0.10764598846435547,-0.19175104796886444,21.5,0.0,3.745436668395996,0.3426074981689453,-0.19175104796886444,23.0,0.0,3.638148307800293,0.21636486053466797,0.0,15.0,,,,,,,,,,,,,,,,,,,,,,,,,,,,,,,,,,,,,,,,,,,,,
0.0,1.7354775394551325e-09,3.958028793334961,0.08604025840759277,1.7718891909268564e-09,-0.1213977038860321,0.5279551148414612,4.170581935358797e-10,-0.5656244158744812,-0.025008350610733032,0.0,3.972172737121582,-0.6694793701171875,-0.19175104796886444,22.25,0.0,3.921389579772949,-0.5056858062744141,-0.19175104796886444,19.25,,,,,,,,,,,,,,,,,,,,,,,,,,,,,,,,,,,,,,,,,,,,,,,,,,,,,,,
0.0,2.652864733443394e-11,3.0579586029052734,-0.4753013253211975,1.1286870049698194e-10,-0.3844764828681946,-0.053802117705345154,9.601430761563279e-11,-0.32217249274253845,-0.09801539778709412,0.0,3.2318830490112305,-1.8879175186157227,-1.342257335782051,12.25,0.0,3.2186508178710938,-1.520991325378418,-0.7670041918754578,16.25,0.0,3.187894821166992,-1.1837482452392578,-0.9587552398443222,19.75,0.0,3.132462501525879,-0.9140968322753906,-0.3835020959377289,23.5,0.0,2.976536750793457,-0.66375732421875,-0.3835020959377289,20.0,0.0,3.0791759490966797,-0.6837844848632812,-0.3835020959377289,24.25,0.0,2.829909324645996,-0.1405477523803711,-0.5752531439065933,13.75,0.0,3.2826662063598633,-1.0825395584106445,0.0,25.25,0.0,3.049135208129883,-0.12946128845214844,0.0,22.25,0.0,2.9042959213256836,0.15413761138916016,0.0,14.0,,,,,,,,,,,,,,,
0.0,2.6345082365653028e-11,2.9650700092315674,-0.5859452486038208,1.0693074897760724e-10,-0.5271828770637512,-0.24003688991069794,8.616843349962267e-11,-0.45532292127609253,-0.2408234030008316,0.0,3.074169158935547,-1.4945268630981445,-0.5752531439065933,17.0,0.0,3.1692981719970703,-1.669764518737793,-0.7670041918754578,14.5,0.0,3.048419952392578,-1.1790990829467773,-0.5752531439065933,18.0,0.0,2.992987632751465,-0.9112358093261719,-0.9587552398443222,20.75,0.0,2.8249025344848633,-0.7034540176391602,-0.5752531439065933,19.25,0.0,2.535581588745117,-0.4169940948486328,-0.5752531439065933,15.0,0.0,2.599954605102539,-0.44918060302734375,-0.5752531439065933,22.25,0.0,2.6689767837524414,-0.46634674072265625,-0.5752531439065933,22.0,0.0,3.4303665161132812,-1.4662742614746094,0.0,14.75,0.0,3.371715545654297,-1.1540651321411133,0.0,18.5,0.0,3.291606903076172,-0.9409189224243164,0.0,20.75,0.0,2.5806427001953125,-0.4366636276245117,0.0,20.5,,,,,
0.0,2.5502759626316873e-11,2.875270366668701,-0.7631036043167114,1.0006077216795362e-10,-0.6254062056541443,-0.5304162502288818,7.638114446484323e-11,-0.4984644651412964,-0.46896475553512573,0.0,2.990841865539551,-1.4061927795410156,-0.5752531439065933,12.25,0.0,3.090977668762207,-1.6078948974609375,-0.5752531439065933,15.25,0.0,3.2018423080444336,-1.6154050827026367,-0.3835020959377289,14.0,0.0,2.6210546493530273,-1.0246038436889648,-0.5752531439065933,19.5,0.0,2.798795700073242,-1.2102127075195312,-0.5752531439065933,14.75,0.0,2.5420188903808594,-0.7646083831787109,-0.3835020959377289,25.5,0.0,2.5151968002319336,-0.6319284439086914,-0.3835020959377289,27.25,0.0,2.491593360900879,-0.5550384521484375,-0.3835020959377289,21.75,0.0,3.3953189849853516,-1.078963279724121,0.0,18.5,,,,,,,,,,,,,,,,,,,,
0.0,2.5506780715334187e-11,2.804666519165039,-0.9813099503517151,9.420778046553835e-11,-0.6599627733230591,-0.8812053203582764,6.783207329164043e-11,-0.44689440727233887,-0.7471174001693726,0.0,2.8760433197021484,-1.3289451599121094,-0.9587552398443222,20.5,0.0,2.9761791229248047,-1.4258623123168945,-0.19175104796886444,21.5,0.0,3.019094467163086,-1.5020370483398438,-0.19175104796886444,19.25,0.0,2.307772636413574,-1.027822494506836,0.5752531439065933,18.75,0.0,2.3810863494873047,-0.9981393814086914,0.5752531439065933,22.5,0.0,2.513766288757324,-1.033186912536621,0.19175104796886444,20.5,0.0,2.722620964050293,-1.110076904296875,-0.9587552398443222,20.5,0.0,3.206491470336914,-1.4480352401733398,-0.3835020959377289,12.0,0.0,3.0426979064941406,-1.8428564071655273,0.0,16.75,0.0,3.0716657638549805,-1.4373064041137695,0.0,20.75,0.0,3.082752227783203,-1.1036396026611328,0.0,21.75,0.0,2.904653549194336,-0.4763603210449219,0.0,21.75,,,,,
0.0,2.5156585148344845e-11,2.6890156269073486,-1.127001404762268,8.719723554317937e-11,-0.8118302226066589,-1.037548542022705,5.875230857377289e-11,-0.5846055746078491,-0.8015369176864624,0.0,1.898646354675293,-1.2660026550292969,-0.5752531439065933,15.5,0.0,2.2602081298828125,-1.0399818420410156,-0.5752531439065933,19.0,0.0,2.3578405380249023,-1.1243820190429688,-0.19175104796886444,24.0,0.0,2.4722814559936523,-1.1701583862304688,-0.19175104796886444,23.25,0.0,2.7948617935180664,-1.3861656188964844,-1.72575943171978,20.5,0.0,2.9050111770629883,-1.438736915588379,0.19175104796886444,20.75,0.0,2.9969215393066406,-1.5195608139038086,0.19175104796886444,17.25,0.0,2.67791748046875,-1.2055635452270508,-1.342257335782051,21.0,0.0,1.7659664154052734,-1.4412403106689453,0.0,14.25,0.0,3.061652183532715,-1.810312271118164,0.0,16.75,0.0,3.065943717956543,-1.4340877532958984,0.0,21.0,0.0,3.070950508117676,-1.1157989501953125,0.0,23.0,,,,,
0.0,2.7392491053213064e-11,2.5576870441436768,-1.2326816320419312,8.371165566289918e-11,-0.9478643536567688,-1.1150708198547363,5.254281038036268e-11,-0.6660434007644653,-0.7952892780303955,0.0,1.8525123596191406,-1.314997673034668,0.19175104796886444,20.0,0.0,2.4840831756591797,-1.3625621795654297,-1.9175104796886444,13.25,0.0,2.1915435791015625,-1.0417699813842773,-0.9587552398443222,23.25,0.0,2.36356258392334,-1.2652873992919922,-0.19175104796886444,20.75,0.0,2.319216728210449,-1.0421276092529297,-0.19175104796886444,23.25,0.0,1.8285512924194336,-1.4004707336425781,0.0,14.0,0.0,2.967953681945801,-1.9665956497192383,0.0,15.75,0.0,3.0001401901245117,-1.5817880630493164,0.0,19.75,0.0,3.0080080032348633,-1.2956857681274414,0.0,21.0,0.0,2.5284290313720703,-0.6326436996459961,0.0,26.25,,,,,,,,,,,,,,,
0.0,2.820831762617715e-11,2.4290833473205566,-1.318647861480713,7.812117619465653e-11,-1.0573971271514893,-1.1448585987091064,4.534049177773447e-11,-0.7067298889160156,-0.7511551976203918,0.0,2.0467042922973633,-1.119375228881836,-0.5752531439065933,24.5,0.0,2.262711524963379,-1.3364553451538086,0.19175104796886444,22.75,0.0,2.388596534729004,-1.439809799194336,-0.19175104796886444,13.0,0.0,2.169370651245117,-1.0600090026855469,-0.5752531439065933,28.25,0.0,2.2104978561401367,-1.1723041534423828,-0.5752531439065933,27.25,0.0,3.0373334884643555,-2.1829605102539062,0.0,12.25,0.0,3.0187368392944336,-1.865386962890625,0.0,16.75,0.0,3.0183792114257812,-1.5628337860107422,0.0,20.75,0.0,2.572774887084961,-0.8279085159301758,0.0,24.75,0.0,2.5194883346557617,-0.6594657897949219,0.0,26.5,,,,,,,,,,,,,,,
0.0,2.901064458105118e-11,2.279639959335327,-1.3815079927444458,7.238050436786381e-11,-1.2210192680358887,-1.087601900100708,3.8385621070613496e-11,-0.8378772139549255,-0.6004475951194763,0.0,1.923680305480957,-1.244187355041504,-1.1505062878131866,25.75,0.0,2.030611038208008,-1.2627840042114258,-1.1505062878131866,28.25,0.0,2.0978450775146484,-1.3289451599121094,-1.1505062878131866,27.0,0.0,2.202272415161133,-1.3833045959472656,-1.1505062878131866,19.75,0.0,3.05020809173584,-1.7938613891601562,0.0,14.5,0.0,2.4611949920654297,-0.756382942199707,0.0,27.0,0.0,2.5631189346313477,-0.8157491683959961,0.0,24.25,,,,,,,,,,,,,,,,,,,,,,,,,,,,,,
0.0,6.4329535012157095e-15,3.1576595306396484,-0.5649553537368774,1.1782814443106818e-14,-0.23742908239364624,-0.2745372951030731,-2.8411661925583677e-15,-0.1695558875799179,-0.14712893962860107,0.0,3.2558441162109375,-1.5392303466796875,-0.19175104796886444,16.5,0.0,3.3763647079467773,-1.6350746154785156,-0.19175104796886444,12.5,0.0,3.177523612976074,-1.3661384582519531,-0.19175104796886444,18.25,0.0,3.1925439834594727,-0.5325078964233398,-0.19175104796886444,20.25,0.0,3.074526786804199,-0.1169443130493164,-0.3835020959377289,22.75,0.0,2.9904842376708984,0.023245811462402344,-0.3835020959377289,22.5,0.0,2.90679931640625,0.09441375732421875,-0.3835020959377289,16.75,0.0,3.322720527648926,-0.9938478469848633,0.0,24.0,0.0,3.4056901931762695,-1.1311769485473633,0.0,19.75,0.0,3.00443172454834,0.05328655242919922,0.0,27.25,0.0,2.93576717376709,0.10335445404052734,0.0,20.0,,,,,,,,,,
0.0,5.193967069047796e-15,3.117353916168213,-0.5533878207206726,8.360473534448857e-15,-0.3288653790950775,-0.2089928686618805,-4.848487317334711e-15,-0.3023436367511749,-0.06441350281238556,0.0,3.4078359603881836,-1.428365707397461,-0.19175104796886444,12.25,0.0,3.3348798751831055,-1.2127161026000977,-0.19175104796886444,19.5,0.0,3.315567970275879,-0.9741783142089844,-0.5752531439065933,21.25,0.0,3.216862678527832,-0.6551742553710938,-0.5752531439065933,21.5,0.0,2.9947757720947266,-0.13267993927001953,-0.5752531439065933,22.5,0.0,3.0809640884399414,-0.28073787689208984,-0.5752531439065933,23.5,0.0,2.8667449951171875,0.06937980651855469,-0.7670041918754578,17.5,0.0,2.7093887329101562,0.15056133270263672,-0.7670041918754578,12.25,0.0,3.316640853881836,-0.9595155715942383,0.0,23.0,0.0,3.445744514465332,-0.9899139404296875,0.0,19.25,0.0,3.2129287719726562,-0.41735172271728516,0.0,24.5,,,,,,,,,,
0.0,4.382955044908432e-15,3.0601797103881836,-0.5211790204048157,5.729772159393607e-15,-0.45440295338630676,-0.10901877284049988,-6.246795564683475e-15,-0.46948689222335815,0.04455174505710602,0.0,3.317713737487793,-1.8010139465332031,-0.3835020959377289,13.25,0.0,3.428936004638672,-1.0657310485839844,-0.3835020959377289,15.0,0.0,3.182530403137207,-0.9033679962158203,-0.9587552398443222,17.5,0.0,3.3338069915771484,-0.9387731552124023,-0.9587552398443222,17.0,0.0,3.0541419982910156,-0.3104209899902344,-0.3835020959377289,19.0,0.0,2.9386281967163086,-0.16736984252929688,-0.9587552398443222,20.5,0.0,2.833127975463867,-0.016450881958007812,-0.9587552398443222,17.25,0.0,2.67791748046875,0.16307830810546875,-0.9587552398443222,12.75,0.0,3.772258758544922,-1.4133453369140625,0.0,13.0,0.0,3.4067630767822266,-1.1394023895263672,0.0,19.75,0.0,3.3380985260009766,-0.834345817565918,0.0,22.75,0.0,3.2172203063964844,-0.5335807800292969,0.0,25.5,,,,,
0.0,3.7493697416810055e-15,2.9550113677978516,-0.5480184555053711,3.5168621622750154e-15,-0.6930843591690063,-0.1088365688920021,-7.313604339113586e-15,-0.7770930528640747,0.06881892681121826,0.0,3.108501434326172,-1.752018928527832,-1.5340083837509155,14.75,0.0,3.1059980392456055,-1.3589859008789062,-1.72575943171978,18.25,0.0,3.086686134338379,-1.027822494506836,-1.72575943171978,22.25,0.0,3.0351877212524414,-0.7889270782470703,-1.72575943171978,23.75,0.0,2.9293298721313477,-0.45490264892578125,-0.9587552398443222,21.5,0.0,2.781987190246582,-0.1537799835205078,-0.9587552398443222,20.0,0.0,2.6586055755615234,-0.036835670471191406,-0.9587552398443222,17.5,0.0,3.750443458557129,-1.4698505401611328,0.0,12.0,0.0,3.3588409423828125,-1.2409687042236328,0.0,19.75,0.0,3.3159255981445312,-0.8547306060791016,0.0,21.75,0.0,3.187894821166992,-0.6566047668457031,0.0,26.0,,,,,,,,,,
0.0,2.813310243538489e-15,2.8514442443847656,-0.7027848362922668,1.1106271652201152e-15,-0.844424843788147,-0.3474908173084259,-8.417481392897913e-15,-0.8681584596633911,-0.13888432085514069,0.0,3.0580759048461914,-1.6171932220458984,-1.9175104796886444,16.5,0.0,3.1424760818481445,-1.6872882843017578,-1.9175104796886444,14.25,0.0,3.006577491760254,-1.3500452041625977,-0.5752531439065933,14.75,0.0,2.7129650115966797,-0.8997917175292969,-0.9587552398443222,21.75,0.0,2.877473831176758,-1.0303258895874023,-0.3835020959377289,18.0,0.0,2.6335716247558594,-0.6984472274780273,-0.5752531439065933,24.25,0.0,2.524137496948242,-0.43451786041259766,-0.3835020959377289,16.25,0.0,2.5817155838012695,-0.5757808685302734,-0.3835020959377289,23.0,0.0,3.3409595489501953,-1.273512840270996,0.0,20.25,0.0,3.2941102981567383,-0.9362697601318359,0.0,21.0,0.0,3.185749053955078,-0.7156133651733398,0.0,24.25,,,,,,,,,,
0.0,2.1342826814820534e-15,2.7362520694732666,-0.8217824697494507,-7.476280722402918e-16,-0.9936128258705139,-0.5021917819976807,-9.097408292186096e-15,-0.9476207494735718,-0.255074679851532,0.0,2.7626752853393555,-1.3414621353149414,-1.342257335782051,14.25,0.0,2.922177314758301,-1.5292167663574219,-1.5340083837509155,13.25,0.0,3.029465675354004,-1.6082525253295898,-1.5340083837509155,13.5,0.0,2.402186393737793,-0.7166862487792969,-0.3835020959377289,18.5,0.0,2.5005340576171875,-0.7506608963012695,-0.7670041918754578,22.0,0.0,2.5953054428100586,-0.7971525192260742,-0.7670041918754578,22.75,0.0,2.683281898498535,-0.9266138076782227,-0.5752531439065933,19.5,0.0,3.2912492752075195,-1.4061927795410156,0.0,18.25,0.0,3.172159194946289,-0.7624626159667969,0.0,21.5,0.0,3.2808780670166016,-0.9094476699829102,0.0,20.0,0.0,2.477288246154785,-0.4134178161621094,0.0,16.0,0.0,2.834200859069824,-0.11980533599853516,0.0,23.0,,,,,
0.0,1.4425276023601746e-15,2.5961496829986572,-1.0131266117095947,-2.4444943106120744e-15,-1.1406360864639282,-0.7877461314201355,-9.626402390603035e-15,-0.9813839793205261,-0.49265971779823303,0.0,1.8721818923950195,-1.314997673034668,0.19175104796886444,19.25,0.0,2.6056766510009766,-1.2928247451782227,-1.1505062878131866,13.5,0.0,2.773404121398926,-1.416921615600586,-1.1505062878131866,13.75,0.0,2.9218196868896484,-1.4508962631225586,-1.1505062878131866,13.75,0.0,3.002285957336426,-1.5996694564819336,-0.3835020959377289,12.25,0.0,2.248048782348633,-0.973820686340332,-0.7670041918754578,22.5,0.0,2.3328065872192383,-0.9763240814208984,-0.7670041918754578,23.75,0.0,2.4461746215820312,-1.0349750518798828,-0.7670041918754578,18.75,0.0,1.9118785858154297,-1.257777214050293,0.0,19.75,0.0,2.2455453872680664,-0.9748935699462891,0.0,22.25,0.0,3.2411813735961914,-0.9934902191162109,0.0,18.75,0.0,3.140687942504883,-0.8579492568969727,0.0,20.5,0.0,3.0798912048339844,-0.3930330276489258,0.0,22.75
0.0,-3.416527089988557e-19,3.120983362197876,-0.38480520248413086,-1.8683888319301697e-18,-0.21221384406089783,-0.41493287682533264,-7.118758227649867e-19,-0.23425748944282532,-0.2968364357948303,0.0,3.3892393112182617,-0.9863376617431641,-0.3835020959377289,15.0,0.0,3.2351016998291016,-0.6530284881591797,-0.19175104796886444,21.5,0.0,3.3702850341796875,-0.6680488586425781,-0.19175104796886444,22.75,0.0,2.943277359008789,0.08296966552734375,-0.3835020959377289,13.5,0.0,3.0230283737182617,-0.008940696716308594,-0.3835020959377289,23.0,0.0,3.0698776245117188,-0.07081031799316406,-0.3835020959377289,23.5,,,,,,,,,,,,,,,,,,,,,,,,,,,,,,,,,,,
0.0,-3.7816247083359737e-19,3.091841220855713,-0.4106113910675049,-1.7386995263861964e-18,-0.2845492362976074,-0.4063470661640167,-5.82997102522527e-19,-0.32329121232032776,-0.2567736804485321,0.0,3.2036304473876953,-1.0013580322265625,-0.3835020959377289,22.0,0.0,3.2590627670288086,-1.0592937469482422,-0.19175104796886444,22.5,0.0,3.314495086669922,-1.1658668518066406,-0.19175104796886444,15.25,0.0,3.016948699951172,0.0743865966796875,-0.5752531439065933,21.5,0.0,2.899289131164551,0.1373291015625,-0.5752531439065933,20.5,0.0,2.9311180114746094,0.1380443572998047,-0.5752531439065933,25.25,0.0,3.12960147857666,-0.11730194091796875,0.0,26.5,0.0,3.0405521392822266,0.03254413604736328,0.0,22.75,,,,,,,,,,,,,,,,,,,,,,,,,
0.0,-4.000961987512066e-19,3.0507302284240723,-0.4480592608451843,-1.5909662063575679e-18,-0.4010246992111206,-0.4067991077899933,-4.483296689558448e-19,-0.4781595468521118,-0.22013245522975922,0.0,3.3506155014038086,-1.209855079650879,-0.5752531439065933,14.5,0.0,3.2100677490234375,-0.7649660110473633,-1.1505062878131866,22.0,0.0,3.2941102981567383,-0.8722543716430664,-0.5752531439065933,18.75,0.0,3.0798912048339844,-0.4734992980957031,-0.19175104796886444,19.75,0.0,2.8856992721557617,0.0826120376586914,-0.7670041918754578,18.0,0.0,2.936124801635742,0.001430511474609375,-0.7670041918754578,21.5,0.0,3.1288862228393555,-0.16379356384277344,0.0,26.25,,,,,,,,,,,,,,,,,,,,,,,,,,,,,,
0.0,-3.9696113253084233e-19,3.0028932094573975,-0.5094066858291626,-1.4178115581536535e-18,-0.4877699911594391,-0.45395419001579285,-3.060249543416428e-19,-0.5486617684364319,-0.23419027030467987,0.0,3.261566162109375,-1.0603666305541992,-0.9587552398443222,18.0,0.0,3.3556222915649414,-1.155853271484375,-0.3835020959377289,15.0,0.0,3.1467676162719727,-0.8397102355957031,-0.19175104796886444,19.25,0.0,3.048419952392578,-0.6276369094848633,-0.19175104796886444,22.75,0.0,2.937912940979004,-0.3064870834350586,-0.19175104796886444,20.25,0.0,2.681136131286621,-0.15056133270263672,-0.9587552398443222,17.5,0.0,2.7723312377929688,-0.1480579376220703,-0.9587552398443222,20.25,0.0,3.116726875305176,-0.2263784408569336,0.0,26.25,0.0,2.9990673065185547,-0.0457763671875,0.0,23.5,,,,,,,,,,,,,,,,,,,,
0.0,-3.7113267639781546e-19,2.90869140625,-0.6058163642883301,-1.216781647089738e-18,-0.6921858787536621,-0.5380541682243347,-1.5066408556238922e-19,-0.7863141894340515,-0.2619527280330658,0.0,3.1632184982299805,-1.6651153564453125,-0.5752531439065933,13.75,0.0,3.197193145751953,-1.319289207458496,-0.5752531439065933,15.0,0.0,2.813100814819336,-0.6705522537231445,-1.1505062878131866,16.75,0.0,3.0083656311035156,-0.7789134979248047,-0.19175104796886444,17.25,0.0,3.1489133834838867,-0.9062290191650391,-1.342257335782051,13.5,0.0,2.686142921447754,-0.4334449768066406,-1.1505062878131866,20.5,0.0,2.5309324264526367,-0.24712085723876953,-1.1505062878131866,12.75,0.0,2.6171207427978516,-0.39196014404296875,-1.1505062878131866,19.0,0.0,3.217935562133789,-0.6555318832397461,0.0,22.75,0.0,3.118157386779785,-0.3679990768432617,0.0,25.0,,,,,,,,,,,,,,,
0.0,-3.818258469714416e-19,2.839677572250366,-0.7289823293685913,-1.0812865676214081e-18,-0.7573744654655457,-0.692949116230011,-5.101580205488539e-20,-0.758084774017334,-0.3817152976989746,0.0,3.005504608154297,-1.6347169876098633,-0.19175104796886444,13.75,0.0,3.026247024536133,-1.02996826171875,-0.19175104796886444,15.5,0.0,2.704024314880371,-0.7635354995727539,-0.7670041918754578,19.5,0.0,2.8395652770996094,-0.8411407470703125,-0.5752531439065933,22.5,0.0,2.9529333114624023,-0.7889270782470703,-0.19175104796886444,21.5,0.0,2.58636474609375,-0.5557537078857422,-0.7670041918754578,17.25,0.0,3.190755844116211,-0.733494758605957,0.0,21.0,0.0,3.077387809753418,-0.5142688751220703,0.0,25.25,,,,,,,,,,,,,,,,,,,,,,,,,
0.0,-3.6115481025889457e-19,2.7321577072143555,-0.8782204389572144,-9.064139686827977e-19,-0.9155535697937012,-0.8577293157577515,7.130548265565132e-20,-0.8767805099487305,-0.47964099049568176,0.0,2.9636621475219727,-1.623988151550293,-0.3835020959377289,13.25,0.0,2.776980400085449,-1.3282299041748047,-0.7670041918754578,21.0,0.0,2.8710365295410156,-1.4576911926269531,-0.3835020959377289,16.25,0.0,2.670764923095703,-1.090407371520996,-0.7670041918754578,22.75,0.0,2.5513172149658203,-0.8157491683959961,-1.1505062878131866,23.25,0.0,2.6110410690307617,-0.8186101913452148,-0.7670041918754578,25.5,0.0,2.446889877319336,-0.6916522979736328,-0.9587552398443222,13.75,0.0,3.3649206161499023,-1.1243820190429688,0.0,17.25,0.0,3.0230283737182617,-0.6973743438720703,0.0,24.0,0.0,3.159642219543457,-0.8221864700317383,0.0,18.5,,,,,,,,,,,,,,,
0.0,-3.234879002953736e-19,2.613859176635742,-1.021390676498413,-7.202474075519062e-19,-1.0559046268463135,-1.0004318952560425,1.9315447954816293e-19,-0.9434924125671387,-0.5576682090759277,0.0,2.3317337036132812,-1.1157989501953125,-0.3835020959377289,24.25,0.0,2.4726390838623047,-1.153707504272461,0.19175104796886444,23.5,0.0,2.637505531311035,-1.2617111206054688,-1.72575943171978,20.0,0.0,2.7605295181274414,-1.4004707336425781,-1.72575943171978,20.0,0.0,2.9060840606689453,-1.4233589172363281,-0.19175104796886444,18.75,0.0,2.261638641357422,-0.9151697158813477,-0.7670041918754578,21.5,0.0,3.0906200408935547,-1.3632774353027344,-0.19175104796886444,15.75,0.0,2.2183656692504883,-0.5360841751098633,-0.7670041918754578,19.25,0.0,1.817464828491211,-1.3153553009033203,0.0,19.75,0.0,3.011941909790039,-0.7606744766235352,0.0,19.5,0.0,3.129243850708008,-0.8611679077148438,0.0,18.25,,,,,,,,,,
0.0,-3.1977752995897873e-19,2.475328207015991,-1.1760368347167969,-5.964057002520116e-19,-1.1766088008880615,-1.1741466522216797,2.639782522816243e-19,-0.9425508379936218,-0.6817942261695862,0.0,1.819610595703125,-1.1762380599975586,-0.19175104796886444,20.25,0.0,2.0635128021240234,-1.1998414993286133,-0.7670041918754578,15.0,0.0,2.399325370788574,-1.1376142501831055,-0.19175104796886444,20.75,0.0,2.451181411743164,-1.1873245239257812,-0.19175104796886444,22.0,0.0,2.4923086166381836,-1.25885009765625,-0.19175104796886444,14.0,0.0,1.7631053924560547,-1.370072364807129,0.0,22.0,0.0,2.997279167175293,-0.8100271224975586,0.0,21.0,0.0,3.0984878540039062,-0.8947849273681641,0.0,19.5,,,,,,,,,,,,,,,,,,,,,,,,,
0.0,-2.8944669259332166e-21,3.156334161758423,-0.47044482827186584,-6.7278904758649565e-21,-0.36873406171798706,-0.03291359916329384,-2.8987706481095148e-21,-0.06932353973388672,0.08192175626754761,0.0,3.167867660522461,-1.429438591003418,-0.3835020959377289,18.0,0.0,3.260493278503418,-1.4677047729492188,-0.7670041918754578,15.5,0.0,3.173947334289551,-0.6669759750366211,-0.19175104796886444,17.25,0.0,2.9053688049316406,0.04649162292480469,-0.7670041918754578,16.5,0.0,2.9783248901367188,-0.020384788513183594,-0.7670041918754578,22.0,0.0,3.041982650756836,-0.09298324584960938,-0.7670041918754578,21.25,0.0,3.2601356506347656,-0.15306472778320312,0.0,25.75,0.0,3.1371116638183594,0.00035762786865234375,0.0,28.0,,,,,,,,,,,,,,,,,,,,,,,,,
0.0,-2.6327240387841373e-21,3.0990684032440186,-0.507394552230835,-5.798110386786943e-21,-0.4509885013103485,-0.07577186822891235,-2.1393166598996167e-21,-0.18284830451011658,0.04719332605600357,0.0,3.1585693359375,-1.0732412338256836,-0.5752531439065933,20.0,0.0,3.269791603088379,-1.062154769897461,-0.5752531439065933,19.0,0.0,3.340601921081543,-1.2263059616088867,-0.5752531439065933,14.75,0.0,2.922534942626953,-0.13947486877441406,-1.1505062878131866,20.25,0.0,3.060579299926758,-0.2524852752685547,-0.5752531439065933,16.75,0.0,2.868175506591797,-0.06794929504394531,-1.1505062878131866,17.25,0.0,3.1245946884155273,-0.043272972106933594,0.0,27.75,,,,,,,,,,,,,,,,,,,,,,,,,,,,,,
0.0,-2.2692456103299217e-21,3.0209085941314697,-0.5757559537887573,-4.7723830012077475e-21,-0.579256534576416,-0.16483846306800842,-1.3590058456879482e-21,-0.344051718711853,-0.019616447389125824,0.0,3.183603286743164,-1.770615577697754,-0.9587552398443222,16.25,0.0,3.3921003341674805,-1.6508102416992188,-0.7670041918754578,14.25,0.0,3.1610727310180664,-0.9645223617553711,-1.1505062878131866,19.75,0.0,3.262639045715332,-1.0474920272827148,-1.1505062878131866,15.5,0.0,3.0423402786254883,-0.8289813995361328,-1.1505062878131866,16.75,0.0,2.755880355834961,-0.2803802490234375,-0.7670041918754578,18.25,0.0,2.8595924377441406,-0.4391670227050781,-0.7670041918754578,17.0,0.0,2.689361572265625,-0.15985965728759766,-0.7670041918754578,14.75,0.0,3.1288862228393555,-0.1323223114013672,0.0,27.5,0.0,3.2504796981811523,-0.29218196868896484,0.0,26.0,,,,,,,,,,,,,,,
0.0,-1.9798293311643956e-21,2.957246780395508,-0.6950791478157043,-3.903490352238313e-21,-0.6258281469345093,-0.34408724308013916,-7.288089760961454e-22,-0.35648098587989807,-0.1704624593257904,0.0,3.0984878540039062,-1.7434358596801758,-1.1505062878131866,13.25,0.0,3.076314926147461,-1.4508962631225586,-0.3835020959377289,17.75,0.0,3.038763999938965,-1.2996196746826172,-0.3835020959377289,21.0,0.0,2.985835075378418,-1.043558120727539,-0.3835020959377289,19.25,0.0,2.83205509185791,-0.7889270782470703,-0.5752531439065933,17.5,0.0,2.709031105041504,-0.37086009979248047,-0.7670041918754578,18.0,0.0,2.6389360427856445,-0.11229515075683594,-0.3835020959377289,17.25,0.0,3.1321048736572266,-0.11909008026123047,0.0,26.75,,,,,,,,,,,,,,,,,,,,,,,,,
0.0,-1.7247567993943755e-21,2.8775746822357178,-0.8223761320114136,-3.1161232592709766e-21,-0.7120728492736816,-0.5150152444839478,-1.7905900565907788e-22,-0.4268013834953308,-0.2953607738018036,0.0,3.0705928802490234,-1.4891624450683594,-0.3835020959377289,14.75,0.0,3.2057762145996094,-1.6100406646728516,-0.9587552398443222,12.25,0.0,2.8824806213378906,-1.112222671508789,-1.1505062878131866,21.25,0.0,2.969026565551758,-1.3096332550048828,-1.1505062878131866,17.75,0.0,2.78627872467041,-0.9287595748901367,-0.3835020959377289,21.5,0.0,2.601742744445801,-0.607609748840332,-0.5752531439065933,18.0,0.0,2.6897192001342773,-0.7120370864868164,-0.3835020959377289,20.25,0.0,2.5409460067749023,-0.023245811462402344,0.0,13.75,0.0,3.1009912490844727,0.0021457672119140625,0.0,25.25,,,,,,,,,,,,,,,,,,,,
0.0,-1.4868254451665646e-21,2.7811570167541504,-0.9341005682945251,-2.394872050274279e-21,-0.8068918585777283,-0.6433491110801697,2.9810056488117837e-22,-0.4887145459651947,-0.3754487931728363,0.0,2.9157400131225586,-1.3654232025146484,-0.7670041918754578,21.0,0.0,3.0105113983154297,-1.452326774597168,-1.9175104796886444,16.0,0.0,2.7483701705932617,-1.090407371520996,-0.19175104796886444,25.25,0.0,2.8281211853027344,-1.2742280960083008,-0.7670041918754578,24.75,0.0,2.498745918273926,-0.802159309387207,-0.5752531439065933,22.5,0.0,2.6110410690307617,-0.9548664093017578,-0.19175104796886444,23.5,0.0,2.444028854370117,-0.6755590438842773,-0.5752531439065933,18.0,0.0,3.349184989929199,-1.1790990829467773,0.0,19.0,0.0,3.3130645751953125,-0.9777545928955078,0.0,20.75,,,,,,,,,,,,,,,,,,,,
0.0,-1.2097573004137716e-21,2.6370933055877686,-1.1078764200210571,-1.6611767813787732e-21,-0.9820116758346558,-0.8626867532730103,7.593982504537788e-22,-0.6310809254646301,-0.5222454071044922,0.0,1.7752647399902344,-1.3496875762939453,-0.19175104796886444,15.0,0.0,2.2298097610473633,-1.1572837829589844,-0.3835020959377289,17.25,0.0,2.381443977355957,-1.1665821075439453,-0.3835020959377289,24.75,0.0,2.4576187133789062,-1.2123584747314453,-0.3835020959377289,25.25,0.0,2.565622329711914,-1.289963722229004,-1.72575943171978,20.75,0.0,2.7004480361938477,-1.3496875762939453,-1.72575943171978,18.0,0.0,2.8524398803710938,-1.4805793762207031,-0.3835020959377289,13.5,0.0,3.022313117980957,-1.5810728073120117,-0.3835020959377289,12.25,0.0,1.6776323318481445,-1.4576911926269531,0.0,14.75,0.0,3.1778812408447266,-1.725912094116211,0.0,15.25,0.0,3.380298614501953,-1.7205476760864258,0.0,13.5,0.0,3.1560659408569336,-1.2749433517456055,0.0,16.5,,,,,
0.0,-1.0848903883707357e-21,2.498185157775879,-1.1816579103469849,-1.1885314137261026e-21,-1.114964485168457,-0.8805962800979614,1.0219091473366323e-21,-0.7103139758110046,-0.48300716280937195,0.0,1.9061565399169922,-1.1898279190063477,-0.19175104796886444,19.25,0.0,2.4089813232421875,-1.2359619140625,-0.9587552398443222,21.0,0.0,2.4880170822143555,-1.3414621353149414,-0.9587552398443222,15.0,0.0,2.237677574157715,-0.9262561798095703,-0.9587552398443222,20.75,0.0,2.350330352783203,-1.0428428649902344,-0.9587552398443222,21.75,0.0,3.0870437622070312,-1.454472541809082,0.0,17.25,0.0,3.177523612976074,-1.6883611679077148,0.0,14.5,,,,,,,,,,,,,,,,,,,,,,,,,,,,,,
0.0,-9.347619539537628e-22,2.362931489944458,-1.2343640327453613,-7.198535241774889e-22,-1.2216300964355469,-0.8558574318885803,1.2650096735735285e-21,-0.7525787353515625,-0.4120962619781494,0.0,2.1768808364868164,-1.2041330337524414,-0.5752531439065933,25.5,0.0,2.1550655364990234,-1.085042953491211,-0.5752531439065933,26.75,0.0,2.314925193786621,-1.2331008911132812,-0.5752531439065933,19.75,0.0,2.498745918273926,-1.2820959091186523,-1.5340083837509155,12.25,0.0,2.1364688873291016,-0.9523630142211914,-1.1505062878131866,22.25,0.0,1.8993616104125977,-1.2402534484863281,0.0,24.5,0.0,2.096414566040039,-1.159071922302246,0.0,25.5,0.0,3.0916929244995117,-1.438736915588379,0.0,18.25,,,,,,,,,,,,,,,,,,,,,,,,,
0.0,-8.096049935330953e-22,2.2159857749938965,-1.287731647491455,-3.2746701648329784e-22,-1.3392993211746216,-0.8257829546928406,1.4421239667072811e-21,-0.8069199919700623,-0.33803749084472656,0.0,2.021670341491699,-1.113295555114746,-0.9587552398443222,26.5,0.0,2.0341873168945312,-1.1909008026123047,-0.9587552398443222,29.0,0.0,2.0896196365356445,-1.2420415878295898,-0.9587552398443222,24.75,0.0,2.258777618408203,-1.295328140258789,-0.9587552398443222,16.0,0.0,3.1653642654418945,-1.7230510711669922,0.0,14.25,0.0,3.037691116333008,-1.5639066696166992,0.0,16.25,,,,,,,,,,,,,,,,,,,,,,,,,,,,,,,,,,,
0.0,1.0084013881820852e-24,3.0816760063171387,-0.3068253993988037,4.922484948830967e-24,-0.16774886846542358,-0.08438064157962799,1.9065363906780562e-24,-0.1706591695547104,-0.12939992547035217,0.0,3.1675100326538086,-0.9459257125854492,-0.3835020959377289,26.75,0.0,3.138899803161621,-0.8490085601806641,-0.3835020959377289,21.5,0.0,3.1936168670654297,-0.925898551940918,-0.3835020959377289,22.5,0.0,2.9865503311157227,0.2002716064453125,-0.3835020959377289,16.0,0.0,3.2840967178344727,-1.3478994369506836,0.0,18.75,,,,,,,,,,,,,,,,,,,,,,,,,,,,,,,,,,,,,,,,
0.0,1.0335462309283918e-24,3.0717482566833496,-0.4089847505092621,4.522124234365462e-24,-0.20745888352394104,-0.24043184518814087,1.5437469517607388e-24,-0.22637982666492462,-0.23860420286655426,0.0,3.3141374588012695,-1.269221305847168,-0.3835020959377289,17.75,0.0,3.205418586730957,-0.9584426879882812,-0.3835020959377289,21.25,0.0,3.276228904724121,-1.120448112487793,-0.3835020959377289,22.0,0.0,2.9354095458984375,-0.11301040649414062,-0.3835020959377289,22.0,0.0,3.0573606491088867,-0.2560615539550781,-0.3835020959377289,19.75,0.0,2.871394157409668,0.03898143768310547,-0.3835020959377289,18.75,0.0,3.325223922729492,-1.2449026107788086,0.0,17.75,,,,,,,,,,,,,,,,,,,,,,,,,,,,,,
0.0,9.646969163110307e-25,3.045982599258423,-0.47973325848579407,4.013640666508555e-24,-0.28428083658218384,-0.3267054855823517,1.1332770834024398e-24,-0.3254261910915375,-0.279290109872818,0.0,3.255128860473633,-1.536726951599121,-0.19175104796886444,16.0,0.0,3.37064266204834,-1.622915267944336,-0.7670041918754578,13.5,0.0,3.189682960510254,-1.1605024337768555,-0.19175104796886444,17.5,0.0,3.1270980834960938,-0.8357763290405273,-0.3835020959377289,24.0,0.0,3.0459165573120117,-0.4788637161254883,-0.3835020959377289,25.25,0.0,2.932906150817871,-0.10335445404052734,-0.5752531439065933,25.75,0.0,2.8460025787353516,0.06437301635742188,-0.5752531439065933,24.0,0.0,2.7669668197631836,0.09191036224365234,-0.5752531439065933,15.25,0.0,3.283381462097168,-1.3747215270996094,0.0,18.0,,,,,,,,,,,,,,,,,,,,
0.0,9.746274918164054e-25,3.003725290298462,-0.5381764769554138,3.619574273205808e-24,-0.37361153960227966,-0.38462647795677185,8.141367974851982e-25,-0.41726255416870117,-0.29488688707351685,0.0,3.160715103149414,-1.6543865203857422,-0.7670041918754578,13.75,0.0,3.162503242492676,-1.2409687042236328,-0.7670041918754578,16.0,0.0,3.081679344177246,-0.9999275207519531,-0.7670041918754578,21.25,0.0,3.0069351196289062,-0.8139610290527344,-0.19175104796886444,23.0,0.0,2.9250383377075195,-0.15485286712646484,-0.19175104796886444,22.0,0.0,2.7272701263427734,0.02181529998779297,-0.5752531439065933,15.5,0.0,2.8134584426879883,-0.033974647521972656,-0.5752531439065933,20.75,0.0,3.268718719482422,-1.3704299926757812,0.0,17.75,,,,,,,,,,,,,,,,,,,,,,,,,
0.0,9.257844786163544e-25,2.934250593185425,-0.6199504137039185,3.1557299773926424e-24,-0.5204411745071411,-0.4669343829154968,4.6389744531665505e-25,-0.5764830112457275,-0.3230222761631012,0.0,3.0548572540283203,-1.9118785858154297,-1.5340083837509155,14.75,0.0,3.004789352416992,-1.5910863876342773,-0.9587552398443222,15.75,0.0,3.3370256423950195,-1.7638206481933594,-1.5340083837509155,12.25,0.0,2.9582977294921875,-0.9423494338989258,-0.5752531439065933,25.25,0.0,3.0219554901123047,-1.0378360748291016,-0.9587552398443222,20.25,0.0,2.889275550842285,-0.813603401184082,-0.19175104796886444,22.75,0.0,2.786993980407715,-0.30219554901123047,-0.19175104796886444,19.5,0.0,2.5244951248168945,0.0711679458618164,-0.9587552398443222,13.0,0.0,2.6357173919677734,-0.020384788513183594,-0.9587552398443222,17.5,0.0,3.340601921081543,-1.6726255416870117,0.0,12.5,0.0,3.2747983932495117,-1.3793706893920898,0.0,17.25,0.0,3.1778812408447266,-0.8078813552856445,0.0,24.5,,,,,
0.0,8.956545279871167e-25,2.8157033920288086,-0.7113800048828125,2.7217353893721345e-24,-0.7943496108055115,-0.5302671194076538,1.4437530141747995e-25,-0.9059892296791077,-0.3098584711551666,0.0,2.925395965576172,-1.5506744384765625,-1.5340083837509155,19.25,0.0,2.8406381607055664,-1.0803937911987305,-1.342257335782051,34.25,0.0,2.862095832824707,-1.1022090911865234,-1.342257335782051,35.0,0.0,2.937197685241699,-1.1107921600341797,-1.5340083837509155,26.25,0.0,2.7709007263183594,-0.7932186126708984,-1.342257335782051,25.25,0.0,2.613186836242676,-0.4513263702392578,-1.342257335782051,22.5,0.0,2.5058984756469727,-0.38802623748779297,-1.342257335782051,16.75,0.0,3.2629966735839844,-1.3232231140136719,0.0,16.0,0.0,3.1800270080566406,-1.155853271484375,0.0,21.25,0.0,3.0766725540161133,-0.9098052978515625,0.0,24.0,,,,,,,,,,,,,,,
0.0,8.084738608694561e-25,2.686248302459717,-0.818515956401825,2.2390810997044263e-24,-1.0171531438827515,-0.6269376277923584,-1.8559303719624494e-25,-1.09575355052948,-0.34179991483688354,0.0,2.807021141052246,-1.5764236450195312,-2.109261527657509,20.5,0.0,2.7916431427001953,-1.324295997619629,-0.19175104796886444,22.5,0.0,2.9854774475097656,-1.541733741760254,-0.19175104796886444,16.75,0.0,2.749800682067871,-1.066446304321289,-0.19175104796886444,23.0,0.0,2.5767087936401367,-0.8625984191894531,-1.5340083837509155,24.0,0.0,2.397894859313965,-0.6380081176757812,-1.5340083837509155,25.25,0.0,2.4483203887939453,-0.7134675979614258,-1.5340083837509155,27.25,0.0,2.3102760314941406,-0.47957897186279297,-1.5340083837509155,17.75,0.0,1.7369985580444336,-1.410841941833496,0.0,24.25,0.0,3.049135208129883,-1.0077953338623047,0.0,23.0,,,,,,,,,,,,,,,
0.0,7.380993822994633e-25,2.5549755096435547,-1.0113811492919922,1.815079604416032e-24,-1.1628360748291016,-0.8999823331832886,-4.5356869226937e-25,-1.1165509223937988,-0.5573920607566833,0.0,2.3088455200195312,-1.3146400451660156,0.19175104796886444,17.25,0.0,2.2183656692504883,-1.0585784912109375,0.19175104796886444,25.5,0.0,2.6224851608276367,-1.3747215270996094,-0.3835020959377289,15.5,0.0,2.7855634689331055,-1.4612674713134766,-1.5340083837509155,18.5,0.0,2.9032230377197266,-1.4988183975219727,-0.9587552398443222,19.5,0.0,2.9954910278320312,-1.532435417175293,-0.19175104796886444,16.75,0.0,2.105712890625,-0.9351968765258789,-1.1505062878131866,24.75,0.0,2.181529998779297,-0.9648799896240234,-1.1505062878131866,28.0,0.0,3.109574317932129,-1.3221502304077148,0.0,21.75,0.0,3.0373334884643555,-1.044631004333496,0.0,23.0,,,,,,,,,,,,,,,
0.0,6.860523612290506e-25,2.3950066566467285,-1.161124348640442,1.4444224612604927e-24,-1.320786476135254,-1.0769740343093872,-6.707905651185791e-25,-1.1402990818023682,-0.676943838596344,0.0,1.8786191940307617,-1.0389089584350586,0.19175104796886444,12.75,0.0,2.495884895324707,-1.4759302139282227,-0.5752531439065933,13.25,0.0,2.682209014892578,-1.518845558166504,-0.5752531439065933,14.0,0.0,1.9701719284057617,-1.0567903518676758,-1.1505062878131866,27.25,0.0,2.0645856857299805,-1.109004020690918,-0.19175104796886444,27.25,0.0,2.1800994873046875,-1.156926155090332,-0.19175104796886444,24.0,0.0,2.3338794708251953,-1.2509822845458984,-1.5340083837509155,15.0,0.0,1.9083023071289062,-1.181960105895996,0.0,27.75,0.0,2.150416374206543,-1.0138750076293945,0.0,27.75,0.0,2.992987632751465,-1.1504888534545898,0.0,22.25,0.0,3.0891895294189453,-1.381516456604004,0.0,20.75,,,,,,,,,,
0.0,6.644463485035654e-25,2.2412312030792236,-1.2522825002670288,1.1454043407060156e-24,-1.4465100765228271,-1.117966890335083,-8.270508449341188e-25,-1.1403546333312988,-0.6598793864250183,0.0,1.749873161315918,-0.9909868240356445,-0.3835020959377289,14.25,0.0,2.302408218383789,-1.4230012893676758,-0.9587552398443222,13.25,0.0,1.8875598907470703,-1.0085105895996094,-0.7670041918754578,19.25,0.0,2.113223075866699,-1.033186912536621,-0.19175104796886444,17.25,0.0,2.248048782348633,-1.193404197692871,-0.9587552398443222,15.25,0.0,1.8771886825561523,-1.2091398239135742,0.0,28.0,0.0,2.135753631591797,-1.0464191436767578,0.0,27.75,0.0,3.075242042541504,-1.4083385467529297,0.0,21.0,0.0,3.005504608154297,-1.1301040649414062,0.0,22.75,,,,,,,,,,,,,,,,,,,,
0.0,6.41455934193224e-25,2.091127872467041,-1.3624728918075562,8.743231374642616e-25,-1.5298618078231812,-1.2068883180618286,-9.52410802142666e-25,-1.077756643295288,-0.707939088344574,0.0,1.7534494400024414,-1.072525978088379,-0.19175104796886444,16.25,0.0,1.8546581268310547,-1.1451244354248047,-0.19175104796886444,19.75,0.0,2.035975456237793,-1.165151596069336,-0.19175104796886444,18.5,0.0,2.1636486053466797,-1.2220144271850586,-0.3835020959377289,16.0,0.0,1.8907785415649414,-1.1740922927856445,0.0,28.5,0.0,2.1196603775024414,-1.064300537109375,0.0,28.0,,,,,,,,,,,,,,,,,,,,,,,,,,,,,,,,,,,
0.0,5.638748168235847e-25,1.960631251335144,-1.4788755178451538,5.550455897495116e-25,-1.5494835376739502,-1.3141472339630127,-1.0999236498992428e-24,-0.9457690715789795,-0.7875694632530212,0.0,1.7158985137939453,-1.1397600173950195,0.3835020959377289,18.0,0.0,1.8124580383300781,-1.2313127517700195,0.19175104796886444,21.75,0.0,2.1550655364990234,-1.4094114303588867,-0.19175104796886444,12.75,0.0,2.035975456237793,-1.2398958206176758,-0.19175104796886444,21.75,0.0,2.1082162857055664,-1.3178586959838867,-0.19175104796886444,20.75,0.0,2.09963321685791,-1.1254549026489258,0.0,28.75,,,,,,,,,,,,,,,,,,,,,,,,,,,,,,,,,,,
0.0,5.184091143740111e-25,1.836920142173767,-1.547868013381958,3.1263837107689353e-25,-1.5581861734390259,-1.2913811206817627,-1.1870360805486019e-24,-0.8463607430458069,-0.7149225473403931,0.0,1.9061565399169922,-1.2341737747192383,-0.19175104796886444,15.25,0.0,1.7577409744262695,-1.0929107666015625,-0.19175104796886444,17.25,0.0,1.816391944885254,-1.122593879699707,-0.19175104796886444,19.75,0.0,2.098560333251953,-1.0936260223388672,0.0,29.0,0.0,2.983689308166504,-1.531362533569336,0.0,16.0,0.0,2.333521842956543,-0.9223222732543945,0.0,26.25,,,,,,,,,,,,,,,,,,,,,,,,,,,,,,,,,,,
0.0,5.076280975090016e-25,1.7107287645339966,-1.64915931224823,1.452500495537569e-25,-1.5720528364181519,-1.3201276063919067,-1.2183522807640656e-24,-0.7684911489486694,-0.6907477378845215,0.0,1.9272565841674805,-1.095414161682129,0.19175104796886444,13.75,0.0,2.121090888977051,-1.0596513748168945,0.0,29.25,0.0,2.2999048233032227,-0.9630918502807617,0.0,26.0,0.0,2.4805068969726562,-0.9824037551879883,0.0,14.75,,,,,,,,,,,,,,,,,,,,,,,,,,,,,,,,,,,,,,,,,,,,,
0.0,6.462622695835307e-05,3.071760892868042,-0.3965378999710083,6.172139546833932e-05,-0.32495975494384766,-0.1026315987110138,-2.7182415578863584e-05,-0.2758050560951233,-0.08617023378610611,0.0,3.2372474670410156,-1.256704330444336,-0.3835020959377289,21.75,0.0,3.31878662109375,-1.2634992599487305,-0.3835020959377289,16.75,0.0,3.134608268737793,-1.0557174682617188,-0.5752531439065933,19.25,0.0,3.0580759048461914,-0.35440921783447266,-0.3835020959377289,22.25,0.0,2.994418144226074,-0.21028518676757812,-0.5752531439065933,21.5,0.0,2.899646759033203,0.00035762786865234375,-0.5752531439065933,15.25,0.0,3.4246444702148438,1.638650894165039,0.0,15.75,,,,,,,,,,,,,,,,,,,,,,,,,,,,,,
0.0,5.423395487014204e-05,3.013071298599243,-0.40644410252571106,4.0809733036439866e-05,-0.44869276881217957,-0.09970306605100632,-3.7398516724351794e-05,-0.4352298378944397,-0.06432895362377167,0.0,3.1610727310180664,-1.651167869567871,-0.7670041918754578,15.25,0.0,3.1592845916748047,-1.0013580322265625,-0.7670041918754578,22.75,0.0,3.2361745834350586,-1.086115837097168,-0.9587552398443222,19.75,0.0,3.0434131622314453,-0.48601627349853516,-0.3835020959377289,20.75,0.0,2.912163734436035,-0.14340877532958984,-0.7670041918754578,24.0,0.0,2.7544498443603516,0.031828880310058594,-0.9587552398443222,13.25,0.0,2.8510093688964844,0.0007152557373046875,-0.5752531439065933,21.5,0.0,3.4589767456054688,1.4598369598388672,0.0,12.25,,,,,,,,,,,,,,,,,,,,,,,,,
0.0,4.660596823669039e-05,2.9324278831481934,-0.4393141567707062,2.4365730496356264e-05,-0.6112921237945557,-0.1332303136587143,-4.4625081500271335e-05,-0.6281416416168213,-0.07301880419254303,0.0,2.9468536376953125,-1.7015933990478516,-0.7670041918754578,15.75,0.0,3.1489133834838867,-1.8417835235595703,-0.7670041918754578,16.0,0.0,3.2966136932373047,-1.8067359924316406,-0.9587552398443222,14.0,0.0,3.027677536010742,-0.9638071060180664,-0.9587552398443222,25.25,0.0,2.990126609802246,-0.847935676574707,-0.19175104796886444,27.75,0.0,2.937912940979004,-0.5089044570922852,-1.5340083837509155,25.75,0.0,2.8302669525146484,-0.1741647720336914,-1.5340083837509155,23.0,0.0,2.7333498001098633,-0.05829334259033203,-0.9587552398443222,16.25,,,,,,,,,,,,,,,,,,,,,,,,,
0.0,3.836505857179873e-05,2.8447933197021484,-0.564005434513092,8.055578291532584e-06,-0.7457563281059265,-0.3254683017730713,-5.131526995683089e-05,-0.7329848408699036,-0.22225098311901093,0.0,2.9572248458862305,-1.7119646072387695,-1.9175104796886444,16.75,0.0,3.0312538146972656,-1.889348030090332,-1.5340083837509155,13.75,0.0,2.9175281524658203,-1.4129877090454102,-0.3835020959377289,19.5,0.0,2.901434898376465,-1.018524169921875,-0.3835020959377289,23.25,0.0,2.8095245361328125,-0.8186101913452148,-0.3835020959377289,23.5,0.0,2.6400089263916016,-0.5207061767578125,-1.72575943171978,19.25,0.0,2.72369384765625,-0.5865097045898438,-1.5340083837509155,23.25,,,,,,,,,,,,,,,,,,,,,,,,,,,,,,
0.0,2.6127861929126084e-05,2.706702470779419,-0.7886970043182373,-1.0937836123048328e-05,-1.030214548110962,-0.6416870355606079,-5.918425085837953e-05,-1.0623071193695068,-0.43432384729385376,0.0,2.8628110885620117,-1.6021728515625,-2.109261527657509,20.25,0.0,2.9633045196533203,-1.6200542449951172,-0.3835020959377289,18.25,0.0,3.0537843704223633,-1.7327070236206055,-0.3835020959377289,12.25,0.0,2.7837753295898438,-1.4823675155639648,-0.5752531439065933,18.75,0.0,2.1861791610717773,-0.8221864700317383,-1.342257335782051,12.75,0.0,2.6264190673828125,-0.7985830307006836,-1.342257335782051,19.5,0.0,2.765536308288574,-1.027822494506836,-1.9175104796886444,19.25,0.0,2.372860908508301,-0.6737709045410156,-1.342257335782051,18.25,0.0,2.490878105163574,-0.6422996520996094,-1.342257335782051,20.25,,,,,,,,,,,,,,,,,,,,
0.0,1.7795719031710178e-05,2.570391893386841,-0.9640517234802246,-2.484035212546587e-05,-1.2147072553634644,-0.8626119494438171,-6.375770317390561e-05,-1.1711238622665405,-0.5728863477706909,0.0,2.4454593658447266,-1.2034177780151367,-2.109261527657509,18.75,0.0,2.692580223083496,-1.3364553451538086,-0.5752531439065933,21.5,0.0,2.7676820755004883,-1.3943910598754883,-0.5752531439065933,21.25,0.0,2.8731822967529297,-1.4573335647583008,-0.5752531439065933,19.0,0.0,3.011941909790039,-1.5181303024291992,-0.19175104796886444,16.25,0.0,2.179741859436035,-0.8972883224487305,-0.5752531439065933,21.0,0.0,2.2248029708862305,-0.9473562240600586,-1.5340083837509155,27.0,0.0,2.253413200378418,-1.0067224502563477,-1.5340083837509155,25.0,0.0,2.1643638610839844,-1.0428428649902344,0.0,20.25,,,,,,,,,,,,,,,,,,,,
0.0,1.138560037361458e-05,2.4199371337890625,-1.1087225675582886,-3.5479719372233376e-05,-1.388569712638855,-1.0097243785858154,-6.62480088067241e-05,-1.2461249828338623,-0.6412996053695679,0.0,2.1876096725463867,-1.209855079650879,-0.9587552398443222,22.25,0.0,2.341032028198242,-1.3829469680786133,-1.5340083837509155,15.0,0.0,2.5892257690429688,-1.4562606811523438,-1.5340083837509155,17.0,0.0,2.7315616607666016,-1.488804817199707,-1.342257335782051,20.25,0.0,2.775907516479492,-1.5828609466552734,-0.19175104796886444,18.0,0.0,2.0020008087158203,-0.9255409240722656,-1.1505062878131866,25.5,0.0,2.1103620529174805,-1.0135173797607422,-0.19175104796886444,25.0,,,,,,,,,,,,,,,,,,,,,,,,,,,,,,
0.0,-2.7333842922416807e-07,3.0581374168395996,-0.37700510025024414,-3.9379992244903406e-07,-0.3649600148200989,0.04545118659734726,3.847489438157936e-09,-0.3178173303604126,0.06868459284305573,0.0,3.051638603210449,-1.8957853317260742,-0.5752531439065933,16.0,0.0,3.203272819519043,-1.9648075103759766,-0.5752531439065933,13.5,0.0,3.2161474227905273,-0.9866952896118164,-0.7670041918754578,20.0,0.0,3.1381845474243164,-0.8786916732788086,-0.7670041918754578,25.25,0.0,3.0820369720458984,-0.6644725799560547,-0.19175104796886444,25.0,0.0,2.948284149169922,-0.24211406707763672,-0.5752531439065933,22.5,0.0,2.7033090591430664,0.08082389831542969,-0.5752531439065933,16.75,0.0,2.803802490234375,0.02968311309814453,-0.5752531439065933,21.5,0.0,3.348112106323242,-0.8028745651245117,0.0,26.25,0.0,3.2722949981689453,-0.6487369537353516,0.0,26.75,0.0,3.142833709716797,-0.27430057525634766,0.0,24.5,,,,,,,,,,
0.0,-2.4399753328907536e-07,3.002267360687256,-0.3963368833065033,-3.075027450449852e-07,-0.4377013146877289,0.012432210147380829,5.6826561234402106e-08,-0.37202081084251404,0.037588827311992645,0.0,3.0688047409057617,-2.17437744140625,-0.7670041918754578,13.5,0.0,3.1385421752929688,-1.7859935760498047,-0.7670041918754578,15.75,0.0,3.0798912048339844,-1.5363693237304688,-0.7670041918754578,17.5,0.0,3.0323266983032227,-0.7191896438598633,-0.5752531439065933,24.0,0.0,3.1414031982421875,-0.7170438766479492,-0.5752531439065933,21.5,0.0,2.918243408203125,-0.4527568817138672,-0.5752531439065933,22.0,0.0,2.730131149291992,-0.10585784912109375,-0.5752531439065933,14.5,0.0,2.811312675476074,-0.20062923431396484,-0.3835020959377289,21.5,0.0,3.2612085342407227,-0.6058216094970703,0.0,26.25,0.0,3.1349658966064453,-0.42557716369628906,0.0,24.75,0.0,2.9801130294799805,0.034332275390625,0.0,23.0,,,,,,,,,,
0.0,-1.9429209885402088e-07,2.938610315322876,-0.5797950029373169,-2.0130727307332563e-07,-0.5476129651069641,-0.29422757029533386,1.1916715436655068e-07,-0.4824528694152832,-0.21747982501983643,0.0,3.2379627227783203,-1.4823675155639648,-1.342257335782051,12.25,0.0,3.0934810638427734,-1.3557672500610352,-1.342257335782051,15.5,0.0,2.887845039367676,-0.8779764175415039,-0.3835020959377289,24.0,0.0,2.9447078704833984,-0.9377002716064453,-0.3835020959377289,26.0,0.0,3.009796142578125,-1.0567903518676758,-0.3835020959377289,20.5,0.0,2.7916431427001953,-0.5822181701660156,-0.7670041918754578,17.75,0.0,2.6367902755737305,-0.33652782440185547,-0.7670041918754578,14.25,0.0,3.0891895294189453,-0.6018877029418945,0.0,25.5,0.0,3.2411813735961914,-0.629425048828125,0.0,25.75,0.0,2.971172332763672,-0.2238750457763672,0.0,24.0,,,,,,,,,,,,,,,
0.0,-1.494841797011759e-07,2.7975566387176514,-0.7274007797241211,-1.079166125350639e-07,-0.8974217176437378,-0.4645167887210846,1.7196543922182173e-07,-0.9648914933204651,-0.287369966506958,0.0,2.9522180557250977,-1.627206802368164,-1.72575943171978,16.25,0.0,3.0984878540039062,-1.7799139022827148,-1.72575943171978,12.75,0.0,2.8846263885498047,-1.3943910598754883,-1.72575943171978,20.75,0.0,2.857804298400879,-1.1665821075439453,-1.5340083837509155,25.25,0.0,2.6911497116088867,-0.8425712585449219,-1.5340083837509155,22.25,0.0,2.7948617935180664,-1.0170936584472656,-1.5340083837509155,25.75,0.0,2.5599002838134766,-0.6501674652099609,-1.1505062878131866,19.5,0.0,2.455472946166992,-0.4742145538330078,-1.1505062878131866,15.25,0.0,3.080606460571289,-0.6594657897949219,0.0,25.25,0.0,3.2132863998413086,-0.7224082946777344,0.0,24.5,0.0,2.96938419342041,-0.2549886703491211,0.0,23.5,,,,,,,,,,
0.0,-1.1200873473171669e-07,2.666158437728882,-0.8885023593902588,-2.9611456398015434e-08,-1.0953317880630493,-0.6750860214233398,2.1087666368657665e-07,-1.1082303524017334,-0.4266226291656494,0.0,2.7261972427368164,-1.2606382369995117,-0.5752531439065933,15.75,0.0,2.8395652770996094,-1.3529062271118164,-0.5752531439065933,18.0,0.0,2.907872200012207,-1.4805793762207031,-0.5752531439065933,18.5,0.0,2.977609634399414,-1.6018152236938477,-0.19175104796886444,16.25,0.0,2.337813377380371,-0.9427070617675781,-1.5340083837509155,16.75,0.0,2.5516748428344727,-1.0499954223632812,-1.9175104796886444,14.5,0.0,2.17437744140625,-0.6505250930786133,-1.342257335782051,17.5,0.0,2.222299575805664,-0.812530517578125,-1.5340083837509155,18.0,0.0,3.0663013458251953,-0.7367134094238281,0.0,22.25,0.0,3.177523612976074,-0.89263916015625,0.0,21.75,0.0,2.9622316360473633,-0.24068355560302734,0.0,23.25,,,,,,,,,,
0.0,-8.37938216591283e-08,2.519181728363037,-1.044905185699463,3.160202766139264e-08,-1.2553625106811523,-0.8811162114143372,2.3668830806400365e-07,-1.1490747928619385,-0.5752294659614563,0.0,2.845287322998047,-1.541733741760254,-1.72575943171978,16.25,0.0,2.0499229431152344,-0.9859800338745117,0.3835020959377289,25.25,0.0,2.1314620971679688,-0.98419189453125,0.3835020959377289,26.25,0.0,2.1965503692626953,-1.1000633239746094,0.3835020959377289,22.25,0.0,2.3556947708129883,-1.2592077255249023,-2.3010125756263733,15.25,0.0,2.6171207427978516,-1.3564825057983398,-2.3010125756263733,13.25,0.0,2.8052330017089844,-1.3740062713623047,-1.72575943171978,16.25,0.0,3.0870437622070312,-1.410841941833496,0.0,19.25,0.0,3.048062324523926,-1.1858940124511719,0.0,20.75,,,,,,,,,,,,,,,,,,,,
0.0,-5.839674344088053e-08,2.3688673973083496,-1.1498801708221436,8.34163031981916e-08,-1.420165777206421,-0.950057327747345,2.550551698732306e-07,-1.2207050323486328,-0.5712889432907104,0.0,2.2759437561035156,-1.3185739517211914,-1.342257335782051,20.5,0.0,2.4930238723754883,-1.399397850036621,-1.342257335782051,14.0,0.0,2.0771026611328125,-1.050710678100586,-0.9587552398443222,24.75,0.0,2.146482467651367,-1.0739564895629883,-1.1505062878131866,28.5,0.0,2.1926164627075195,-1.1576414108276367,-1.1505062878131866,26.75,0.0,2.7565956115722656,-1.372218132019043,-0.9587552398443222,13.75,0.0,2.8814077377319336,-1.44195556640625,-0.9587552398443222,12.75,0.0,3.0269622802734375,-1.5156269073486328,0.0,19.0,0.0,2.175450325012207,-0.9827613830566406,0.0,21.5,0.0,3.0080080032348633,-1.2731552124023438,0.0,20.75,0.0,3.018021583557129,-0.904083251953125,0.0,19.25,,,,,,,,,,
0.0,-3.9807080298714936e-08,2.2052340507507324,-1.2481316328048706,1.21602511171659e-07,-1.5506142377853394,-1.025209903717041,2.634264717471524e-07,-1.2108871936798096,-0.6013872623443604,0.0,1.783132553100586,-1.0296106338500977,-0.3835020959377289,14.25,0.0,1.8957853317260742,-1.1343955993652344,-0.3835020959377289,19.25,0.0,2.08890438079834,-1.1354684829711914,-0.3835020959377289,20.5,0.0,2.178311347961426,-1.190185546875,-0.5752531439065933,18.0,0.0,3.2830238342285156,-1.910090446472168,0.0,12.75,0.0,3.0362606048583984,-1.4698505401611328,0.0,19.0,,,,,,,,,,,,,,,,,,,,,,,,,,,,,,,,,,,
0.0,7.170072313655851e-10,3.024895668029785,-0.4065968692302704,9.238644294029541e-10,-0.39555343985557556,-0.2939576506614685,-2.845621793756692e-10,-0.3269208073616028,-0.3208298981189728,0.0,3.062725067138672,-2.146482467651367,-0.7670041918754578,12.5,0.0,3.175020217895508,-1.7262697219848633,-0.7670041918754578,16.0,0.0,3.1703710556030273,-1.348257064819336,-0.7670041918754578,16.0,0.0,3.1142234802246094,-0.8651018142700195,-0.19175104796886444,19.25,0.0,3.0291080474853516,-0.6154775619506836,-0.19175104796886444,22.25,0.0,2.921462059020996,-0.4642009735107422,-0.19175104796886444,21.0,0.0,2.7927160263061523,-0.03612041473388672,-0.5752531439065933,19.0,0.0,2.685427665710449,0.09012222290039062,-0.5752531439065933,15.5,0.0,3.0448436737060547,-0.15556812286376953,0.0,28.0,,,,,,,,,,,,,,,,,,,,
0.0,5.929124968773181e-10,2.951094627380371,-0.5454127192497253,6.098524463205024e-10,-0.5824594497680664,-0.5012682676315308,-4.714681978157387e-10,-0.5767319202423096,-0.45503151416778564,0.0,3.2154321670532227,-1.612544059753418,-1.342257335782051,17.75,0.0,3.320932388305664,-1.7091035842895508,-1.342257335782051,14.5,0.0,3.1403303146362305,-1.2810230255126953,-1.1505062878131866,19.0,0.0,2.9915571212768555,-0.9580850601196289,-1.1505062878131866,27.0,0.0,3.0319690704345703,-1.1150836944580078,-1.1505062878131866,24.5,0.0,2.934694290161133,-0.6898641586303711,-1.1505062878131866,23.5,0.0,2.803802490234375,-0.3243684768676758,-0.7670041918754578,19.5,0.0,2.67183780670166,-0.1233816146850586,-0.7670041918754578,16.25,,,,,,,,,,,,,,,,,,,,,,,,,
0.0,4.781599005632131e-10,2.8328137397766113,-0.6478148698806763,3.292144890032489e-10,-0.8374664187431335,-0.606043815612793,-6.261969831555803e-10,-0.8763894438743591,-0.4771330952644348,0.0,2.9532909393310547,-1.6661882400512695,-1.72575943171978,18.5,0.0,3.0562877655029297,-1.8035173416137695,-1.72575943171978,15.0,0.0,2.961874008178711,-1.2853145599365234,-0.3835020959377289,21.25,0.0,2.8427839279174805,-0.8722543716430664,-1.5340083837509155,24.0,0.0,2.937197685241699,-1.056075096130371,-1.5340083837509155,26.0,0.0,2.5817155838012695,-0.4799365997314453,-1.5340083837509155,23.25,0.0,2.684354782104492,-0.5650520324707031,-1.5340083837509155,23.25,0.0,2.5177001953125,-0.3733634948730469,-1.1505062878131866,17.0,,,,,,,,,,,,,,,,,,,,,,,,,
0.0,3.4449898489441466e-10,2.702709913253784,-0.8352794647216797,4.4185585745815104e-11,-1.0712454319000244,-0.8521748185157776,-7.732534612614472e-10,-1.0941212177276611,-0.6248274445533752,0.0,3.0012130737304688,-1.656174659729004,-1.342257335782051,16.0,0.0,2.8989315032958984,-1.5431642532348633,-1.342257335782051,16.25,0.0,3.1746625900268555,-1.6300678253173828,-1.342257335782051,12.75,0.0,2.4329423904418945,-0.9123086929321289,-1.1505062878131866,19.0,0.0,2.5867223739624023,-0.9974241256713867,-1.1505062878131866,19.25,0.0,2.7315616607666016,-1.077890396118164,-0.7670041918754578,20.0,0.0,2.864956855773926,-1.1626482009887695,-0.7670041918754578,16.25,0.0,2.3145675659179688,-0.8039474487304688,-1.1505062878131866,16.25,0.0,2.246975898742676,-0.4398822784423828,-1.342257335782051,12.75,0.0,3.038763999938965,-0.36084651947021484,0.0,25.0,,,,,,,,,,,,,,,
0.0,2.553250388892536e-10,2.5533711910247803,-1.054931402206421,-1.571129892852241e-10,-1.2371189594268799,-1.1657952070236206,-8.549799201951203e-10,-1.1362862586975098,-0.8539555668830872,0.0,2.035975456237793,-1.1208057403564453,-1.1505062878131866,21.5,0.0,2.3260116577148438,-1.3246536254882812,-2.109261527657509,18.0,0.0,2.592802047729492,-1.438736915588379,-0.7670041918754578,15.75,0.0,2.7043819427490234,-1.5166997909545898,-0.7670041918754578,18.25,0.0,2.813100814819336,-1.5445947647094727,-0.19175104796886444,16.0,0.0,2.1615028381347656,-1.0793209075927734,0.3835020959377289,26.0,0.0,2.213001251220703,-1.1200904846191406,0.3835020959377289,25.0,,,,,,,,,,,,,,,,,,,,,,,,,,,,,,
0.0,1.7409493291431488e-10,2.4120428562164307,-1.1560710668563843,-3.2783947778725064e-10,-1.3954437971115112,-1.193055510520935,-9.119562882631271e-10,-1.2097179889678955,-0.7824023365974426,0.0,2.5044679641723633,-1.4619827270507812,-1.342257335782051,15.0,0.0,2.649664878845215,-1.5631914138793945,-0.7670041918754578,15.0,0.0,2.785205841064453,-1.6543865203857422,-0.19175104796886444,13.5,0.0,2.0960569381713867,-0.9684562683105469,-0.5752531439065933,18.25,0.0,2.4290084838867188,-1.1451244354248047,-1.5340083837509155,18.75,0.0,2.230525016784668,-0.9720325469970703,-1.342257335782051,23.0,0.0,2.3206472396850586,-0.9917020797729492,-1.342257335782051,22.75,0.0,3.0301809310913086,-0.4935264587402344,0.0,21.0,,,,,,,,,,,,,,,,,,,,,,,,,
