Session_ID,Recording_Number,Sequence_Number,Frame_count,tid,posy,posz,vely,velz,accy,accz,pointy0,pointz0,snr0,pointy1,pointz1,snr1,pointy2,pointz2,snr2,pointy3,pointz3,snr3,pointy4,pointz4,snr4,pointy5,pointz5,snr5,pointy6,pointz6,snr6,pointy7,pointz7,snr7,pointy8,pointz8,snr8,pointy9,pointz9,snr9,pointy10,pointz10,snr10,pointy11,pointz11,snr11,pointy12,pointz12,snr12,pointy13,pointz13,snr13,pointy14,pointz14,snr14,pointy15,pointz15,snr15,pointy16,pointz16,snr16,pointy17,pointz17,snr17,pointy18,pointz18,snr18
171242,1,1,65,0,2.77,-0.12,-0.02,-0.35,0.02,-0.44,2.85,-1.2,16.5,2.97,-1.2,15.25,3.17,-1.02,7.75,2.8,-0.49,18.0,3.84,-0.64,7.5,3.94,-0.83,8.75,3.64,-0.42,4.0,2.55,-0.11,15.25,2.64,-0.14,22.25,2.69,-0.2,22.75,2.37,0.12,5.25,2.88,-1.15,21.5,2.92,-1.31,18.0,3.06,-1.35,11.5,3.96,-0.76,12.25,2.81,-0.32,22.75,2.66,0.01,26.25,2.7,-0.08,27.25,,,
171242,1,2,66,0,2.8,-0.38,0.06,-0.77,0.12,-0.75,3.08,-1.46,7.75,2.86,-1.09,15.0,2.96,-1.22,11.0,2.74,-0.84,16.25,3.89,-1.06,4.5,2.55,-0.45,22.5,2.6,-0.56,20.25,3.61,-0.78,6.25,3.76,-0.71,8.25,2.51,-0.4,17.0,2.39,-0.05,4.0,3.26,-1.06,12.5,3.76,-0.47,16.5,3.86,-0.53,23.25,3.99,-0.56,21.5,2.57,-0.2,18.75,2.64,-0.16,26.0,2.7,-0.13,26.75,2.81,-0.24,22.5
171242,1,3,67,0,2.83,-0.62,0.15,-1.16,0.24,-1.04,3.06,-1.43,6.0,2.9,-1.08,16.0,2.94,-1.23,10.75,2.76,-1.0,14.0,2.55,-0.61,16.5,2.63,-0.64,15.25,3.91,-0.98,8.0,2.5,-0.52,9.5,3.63,-0.64,5.75,3.79,-0.78,6.75,3.19,-1.2,15.5,2.56,-0.26,18.75,2.82,-0.35,21.75,3.73,-0.51,16.5,3.86,-0.46,22.75,4.0,-0.5,20.75,2.42,-0.09,5.0,2.63,-0.22,25.5,2.69,-0.21,25.75
171242,1,4,68,0,2.85,-0.83,0.15,-1.41,0.19,-1.16,2.76,-1.06,19.5,2.85,-1.13,19.25,2.92,-1.25,15.5,3.06,-1.34,9.25,2.58,-0.85,11.0,2.68,-0.94,16.5,3.56,-0.7,4.25,3.76,-0.69,5.0,3.15,-1.25,15.25,2.56,-0.26,18.75,2.82,-0.37,22.0,3.75,-0.41,16.0,3.86,-0.44,22.25,4.0,-0.5,20.5,2.42,-0.12,5.25,2.62,-0.25,25.75,2.69,-0.22,26.0,,,,,,
171242,1,5,69,0,2.84,-0.97,0.02,-1.44,-0.07,-1.02,2.59,-1.23,17.75,2.68,-1.24,21.0,2.52,-1.11,8.0,2.79,-1.23,20.0,2.94,-1.19,16.0,3.16,-1.11,8.75,3.69,-1.07,7.25,3.9,-0.99,5.0,3.55,-0.8,5.25,2.99,-1.27,17.75,3.15,-1.27,16.0,2.55,-0.3,18.25,2.81,-0.42,21.25,3.74,-0.39,15.75,3.86,-0.45,22.25,4.0,-0.49,20.25,2.41,-0.12,5.0,2.63,-0.24,25.0,2.69,-0.24,25.5
171242,1,6,70,0,2.79,-1.1,-0.14,-1.42,-0.33,-0.85,2.44,-1.33,11.0,2.53,-1.35,22.0,2.56,-1.35,24.5,2.77,-1.16,19.75,2.96,-1.13,14.75,3.08,-1.31,8.5,2.67,-1.11,21.75,3.2,-1.19,15.25,2.53,-0.37,17.75,3.74,-0.47,15.75,3.86,-0.45,22.25,4.0,-0.48,20.5,2.4,-0.05,5.0,,,,,,,,,,,,,,,,,,
171242,1,7,71,0,2.76,-1.18,-0.27,-1.3,-0.52,-0.61,2.49,-1.24,11.5,2.58,-1.26,22.0,2.64,-1.23,24.5,2.75,-1.15,21.0,2.92,-1.07,11.75,3.62,-1.15,6.25,3.56,-1.01,6.0,2.66,-1.17,23.75,3.22,-1.16,14.5,2.59,-0.42,24.0,2.67,-0.47,24.25,2.53,-0.4,17.75,3.87,-0.43,22.0,4.0,-0.45,20.0,2.4,-0.08,5.25,,,,,,,,,,,,
171242,1,8,72,0,2.74,-1.25,-0.34,-1.22,-0.59,-0.45,2.58,-1.26,9.25,2.63,-1.25,12.5,2.83,-1.13,8.0,3.04,-1.21,7.5,3.25,-1.17,6.5,3.49,-1.01,5.25,2.56,-1.12,26.0,3.22,-1.16,13.25,2.52,-0.42,16.75,2.6,-0.48,22.5,3.87,-0.41,21.75,4.0,-0.44,20.0,,,,,,,,,,,,,,,,,,,,,
171242,1,9,73,0,2.73,-1.33,-0.34,-1.19,-0.51,-0.39,2.47,-1.19,4.75,2.65,-1.16,15.0,2.74,-1.11,19.75,2.8,-1.1,18.0,2.92,-1.13,10.5,2.98,-1.2,15.5,3.17,-1.2,14.5,2.57,-0.6,21.25,3.89,-0.45,22.25,4.0,-0.48,21.25,3.79,-0.23,13.25,,,,,,,,,,,,,,,,,,,,,,,,
171242,1,10,74,0,2.71,-1.37,-0.38,-1.06,-0.54,-0.21,2.67,-1.11,8.25,2.74,-1.17,14.5,2.77,-1.2,13.25,2.97,-1.04,5.75,3.9,-1.02,14.5,,,,,,,,,,,,,,,,,,,,,,,,,,,,,,,,,,,,,,,,,,
171242,1,11,75,0,2.68,-1.42,-0.43,-0.95,-0.57,-0.08,2.61,-1.26,10.5,2.68,-1.3,15.5,2.78,-1.27,15.0,2.9,-1.25,10.0,3.48,-1.1,6.0,3.6,-1.32,8.25,3.89,-1.06,5.25,,,,,,,,,,,,,,,,,,,,,,,,,,,,,,,,,,,,
171242,1,12,76,0,2.68,-1.4,-0.41,-0.76,-0.51,0.11,2.63,-1.1,10.25,2.87,-1.07,14.5,2.91,-1.18,8.5,2.79,-1.04,13.0,2.47,-1.28,14.5,2.9,-1.19,17.25,3.92,-0.92,5.25,,,,,,,,,,,,,,,,,,,,,,,,,,,,,,,,,,,,
171242,1,13,77,0,2.7,-1.36,-0.34,-0.55,-0.4,0.27,2.62,-1.19,18.5,2.56,-1.01,8.0,2.74,-1.08,21.75,2.85,-0.96,19.75,2.95,-0.97,11.75,3.06,-1.33,10.25,3.94,-0.83,4.75,,,,,,,,,,,,,,,,,,,,,,,,,,,,,,,,,,,,
171242,1,14,78,0,2.71,-1.31,-0.28,-0.36,-0.32,0.41,2.7,-1.04,14.25,2.75,-1.0,18.0,2.82,-0.93,13.25,3.04,-0.86,4.25,2.48,-1.26,15.25,2.55,-1.3,25.5,2.61,-1.28,27.25,2.79,-1.11,24.25,3.12,-1.19,10.25,,,,,,,,,,,,,,,,,,,,,,,,,,,,,,
171253,2,1,123,0,2.65,-0.21,0.11,-0.31,0.17,-0.48,2.87,-1.48,7.0,3.09,-1.54,7.25,2.76,-1.23,10.0,2.63,-0.8,15.5,2.71,-0.96,14.5,3.85,-1.18,7.25,2.49,-0.6,15.25,2.37,-0.4,15.75,2.29,-0.24,12.75,3.86,0.0,6.25,2.67,-1.25,19.75,2.72,-1.37,18.25,2.8,-1.47,11.0,3.42,-0.99,9.0,2.61,-0.52,20.5,3.73,-0.71,16.75,3.82,-0.63,21.75,3.98,-0.63,20.25,,,
171253,2,2,124,0,2.72,-0.57,0.3,-0.93,0.44,-0.98,2.37,-0.91,18.25,2.47,-1.05,14.75,2.71,-1.09,13.5,2.81,-1.25,12.0,2.93,-1.25,10.0,2.36,-0.73,16.75,3.26,-1.1,4.75,2.29,-0.59,9.0,3.73,-0.55,8.0,3.83,-0.47,12.75,3.98,-0.6,9.75,2.68,-1.22,20.0,2.74,-1.36,18.5,2.81,-1.44,12.25,3.41,-0.94,8.5,2.61,-0.58,20.75,3.73,-0.73,16.75,3.82,-0.65,22.0,3.98,-0.65,20.25
171253,2,3,125,0,2.7,-0.75,0.23,-1.15,0.28,-1.06,2.76,-1.33,8.75,2.93,-1.33,8.0,2.34,-0.9,16.0,2.39,-0.92,19.0,2.67,-1.0,12.25,2.93,-1.33,7.75,2.27,-0.73,5.0,2.53,-0.83,15.75,3.83,-0.72,6.0,3.95,-0.81,6.75,2.8,-1.48,11.0,3.36,-1.05,9.25,3.74,-0.7,16.25,3.84,-0.61,22.0,3.98,-0.62,20.75,2.37,0.15,17.5,2.44,0.1,24.0,,,,,,
171253,2,4,126,0,2.71,-0.87,0.16,-1.2,0.1,-0.98,2.57,-1.06,16.25,2.69,-1.1,17.5,2.94,-1.2,10.25,3.1,-1.33,5.25,2.41,-0.73,9.0,2.5,-0.84,13.75,2.83,-1.05,14.75,3.79,-0.63,4.0,3.4,-0.99,9.0,3.83,-0.66,21.75,3.96,-0.72,20.75,2.52,-0.31,23.75,2.44,0.1,23.0,,,,,,,,,,,,,,,,,,
171253,2,5,127,0,2.69,-0.97,0.05,-1.21,-0.1,-0.85,2.76,-1.5,7.25,2.64,-1.37,15.0,2.61,-1.14,19.5,3.59,-1.46,4.5,2.47,-0.77,8.75,2.55,-0.85,18.5,2.58,-0.95,21.5,3.79,-1.38,4.75,3.35,-1.12,10.25,3.97,-0.68,22.0,3.84,-0.59,23.0,,,,,,,,,,,,,,,,,,,,,,,,
171253,2,6,128,0,2.67,-1.08,-0.05,-1.22,-0.26,-0.74,2.51,-1.2,23.0,2.53,-1.28,21.5,2.54,-0.99,17.5,2.7,-1.22,14.0,2.98,-1.13,8.25,3.18,-1.34,6.0,3.66,-1.16,6.75,3.81,-1.32,5.5,2.51,-0.61,5.75,2.98,-1.23,9.0,3.35,-1.12,10.75,3.97,-0.66,22.5,3.85,-0.61,23.5,,,,,,,,,,,,,,,,,,
171253,2,7,129,0,2.68,-1.15,-0.06,-1.19,-0.27,-0.63,2.71,-1.11,17.5,2.82,-1.09,16.0,2.6,-0.78,10.25,2.65,-0.95,15.75,2.98,-1.08,9.75,3.36,-1.07,11.25,3.97,-0.67,22.75,3.85,-0.58,24.0,2.35,-0.03,10.5,,,,,,,,,,,,,,,,,,,,,,,,,,,,,,
171253,2,8,130,0,2.7,-1.19,-0.03,-1.09,-0.21,-0.49,2.61,-0.89,13.75,2.68,-0.91,21.75,2.73,-0.95,22.5,2.82,-0.98,18.5,2.94,-1.05,11.0,3.67,-1.14,5.25,2.58,-0.99,24.75,2.69,-0.99,23.25,3.34,-1.08,11.5,3.97,-0.67,23.25,3.86,-0.56,23.75,,,,,,,,,,,,,,,,,,,,,,,,
171253,2,9,131,0,2.73,-1.23,-0.03,-0.98,-0.24,-0.32,2.38,-1.34,8.5,2.6,-1.21,16.25,2.74,-1.1,20.0,2.8,-1.13,18.25,2.93,-1.12,12.25,3.63,-1.15,7.75,3.27,-0.95,4.5,3.58,-0.95,6.75,3.29,-1.13,9.75,3.71,-0.8,13.0,3.84,-0.77,20.5,3.94,-0.84,20.25,,,,,,,,,,,,,,,,,,,,,
171253,2,10,132,0,2.77,-1.24,0.03,-0.85,-0.15,-0.18,2.84,-1.07,23.5,2.9,-1.14,16.75,2.77,-0.92,17.5,2.81,-1.0,23.5,3.16,-1.0,5.5,2.65,-0.79,5.5,3.57,-0.69,4.5,2.81,-1.06,21.75,2.92,-1.19,14.5,3.2,-1.23,10.0,2.71,-1.0,25.25,2.47,-0.72,13.0,3.63,-0.9,13.0,3.96,-0.76,14.75,,,,,,,,,,,,,,,
171253,2,11,133,0,2.79,-1.26,0.03,-0.73,-0.18,-0.03,2.44,-1.16,9.0,2.44,-1.28,13.5,3.75,-1.47,5.5,2.94,-1.05,17.75,2.94,-1.08,12.25,2.89,-0.82,10.75,3.73,-1.03,5.0,2.92,-1.21,15.25,2.82,-1.04,22.0,3.24,-1.16,11.0,3.63,-0.88,14.0,,,,,,,,,,,,,,,,,,,,,,,,
171253,2,12,134,0,2.83,-1.28,0.06,-0.64,-0.16,0.07,2.44,-1.25,6.25,2.59,-1.22,15.75,2.63,-1.25,18.25,2.77,-1.18,14.5,3.01,-1.01,9.75,3.22,-1.13,4.25,3.56,-1.12,5.25,3.65,-1.29,9.5,3.8,-1.33,8.0,3.22,-1.07,9.25,,,,,,,,,,,,,,,,,,,,,,,,,,,
171253,2,13,135,0,2.83,-1.33,0.01,-0.59,-0.22,0.12,2.59,-1.3,10.5,2.72,-1.33,16.5,2.86,-1.25,19.75,2.92,-1.23,17.0,3.01,-1.34,7.5,2.53,-1.1,17.75,2.61,-1.09,25.25,3.16,-1.18,10.5,3.55,-0.94,11.5,,,,,,,,,,,,,,,,,,,,,,,,,,,,,,
171253,2,14,136,0,2.83,-1.33,-0.02,-0.46,-0.25,0.25,2.95,-1.41,6.5,2.73,-1.08,13.0,2.87,-1.14,24.0,2.88,-1.23,19.5,2.85,-1.05,21.25,3.53,-0.99,12.0,,,,,,,,,,,,,,,,,,,,,,,,,,,,,,,,,,,,,,,
171253,2,15,137,0,2.82,-1.35,-0.03,-0.4,-0.23,0.27,2.64,-1.21,21.75,2.68,-1.23,17.0,2.53,-1.12,7.0,2.63,-1.19,18.25,2.83,-1.25,4.5,,,,,,,,,,,,,,,,,,,,,,,,,,,,,,,,,,,,,,,,,,
171253,2,16,138,0,2.83,-1.36,-0.02,-0.32,-0.19,0.31,2.67,-1.17,9.0,2.78,-1.17,16.5,2.82,-1.2,18.0,2.88,-1.23,12.75,2.75,-1.11,25.0,2.85,-1.12,25.0,3.22,-1.03,12.75,,,,,,,,,,,,,,,,,,,,,,,,,,,,,,,,,,,,
171310,3,1,206,0,2.65,-0.01,0.12,-0.31,0.16,-0.18,2.93,-1.17,14.75,3.12,-1.19,5.0,2.89,-1.05,18.25,3.55,-1.12,4.5,2.83,-0.72,17.25,3.79,-0.88,9.75,3.95,-0.8,8.25,2.69,-0.16,19.5,2.56,0.06,13.5,2.62,-0.02,20.25,2.82,-1.34,18.75,2.77,-1.04,15.5,2.9,-1.31,15.5,3.92,-0.94,14.5,3.81,-0.72,16.25,3.75,-0.46,11.0,2.41,0.13,10.0,,,,,,
171310,3,2,207,0,2.67,-0.07,0.15,-0.37,0.19,-0.22,2.76,-1.64,9.5,2.74,-1.32,12.75,3.19,-1.27,5.75,3.57,-0.84,6.25,3.76,-0.67,7.0,3.95,-0.81,4.5,2.61,-0.1,10.0,2.7,-0.14,22.75,2.72,-0.16,26.0,2.77,-0.11,21.25,2.92,-1.34,13.5,2.78,-0.36,15.0,3.78,-0.57,17.75,3.83,-0.53,23.5,4.0,-0.51,20.25,,,,,,,,,,,,
171310,3,3,208,0,2.71,-0.25,0.2,-0.63,0.2,-0.41,2.88,-1.5,8.75,3.06,-1.53,6.0,2.9,-0.89,9.75,3.54,-0.98,4.0,2.71,-0.54,16.75,2.79,-0.57,14.25,3.98,-0.65,6.0,2.66,-0.43,12.75,3.82,-0.6,5.75,3.2,-1.4,8.0,3.79,-0.55,16.5,3.83,-0.54,22.5,3.99,-0.53,19.5,,,,,,,,,,,,,,,,,,
171310,3,4,209,0,2.72,-0.46,0.12,-0.89,0.05,-0.58,2.81,-1.36,7.75,2.73,-0.82,22.25,2.75,-0.87,23.5,2.76,-1.03,18.0,2.66,-0.76,13.0,3.83,-0.46,4.25,3.21,-1.41,7.25,3.78,-0.54,16.25,3.83,-0.54,22.0,3.99,-0.52,19.25,,,,,,,,,,,,,,,,,,,,,,,,,,,
171310,3,5,210,0,2.7,-0.64,-0.05,-1.05,-0.25,-0.63,2.86,-1.32,8.25,3.05,-1.61,4.5,2.78,-1.16,16.0,2.57,-0.82,10.5,2.7,-0.84,15.0,2.75,-1.01,17.75,3.65,-0.86,6.25,3.75,-0.9,10.25,3.94,-0.84,7.0,3.21,-1.4,8.0,3.78,-0.53,16.0,3.83,-0.52,21.75,3.99,-0.53,19.25,,,,,,,,,,,,,,,,,,
171310,3,6,211,0,2.72,-0.8,-0.05,-1.2,-0.25,-0.7,2.61,-0.83,12.75,2.7,-0.86,19.75,2.79,-0.93,21.0,2.87,-1.07,21.0,2.97,-1.09,17.0,3.19,-1.03,7.75,3.83,-0.62,14.25,3.97,-0.68,12.75,3.71,-0.52,8.25,3.77,-0.52,15.75,3.83,-0.51,21.25,,,,,,,,,,,,,,,,,,,,,,,,
171310,3,7,212,0,2.73,-0.87,-0.17,-1.1,-0.45,-0.49,3.07,-1.23,9.5,3.38,-1.3,7.5,2.63,-0.86,12.25,2.72,-0.9,21.25,2.85,-0.86,24.25,2.99,-0.94,20.5,2.95,-0.86,25.75,3.67,-1.04,6.25,3.92,-0.94,4.5,2.71,-0.48,24.75,3.82,-0.59,22.0,,,,,,,,,,,,,,,,,,,,,,,,
171310,3,8,213,0,2.73,-0.95,-0.23,-1.08,-0.5,-0.41,2.87,-1.21,16.0,2.88,-0.99,19.75,2.88,-1.06,22.0,3.6,-0.86,5.5,3.73,-0.89,7.0,3.91,-0.97,5.0,2.84,-0.65,10.75,2.56,-0.05,14.5,,,,,,,,,,,,,,,,,,,,,,,,,,,,,,,,,
171310,3,9,214,0,2.79,-0.91,-0.18,-0.81,-0.45,-0.12,3.19,-1.19,5.75,2.65,-0.84,12.25,3.19,-1.19,5.25,2.59,-0.73,8.75,3.12,-0.52,11.25,3.64,-0.73,5.0,3.79,-0.65,9.25,3.98,-0.64,7.0,2.97,-0.34,13.75,3.06,-0.37,16.5,3.18,-1.31,9.25,3.73,-0.7,16.5,,,,,,,,,,,,,,,,,,,,,
171310,3,10,215,0,2.77,-0.99,-0.23,-0.83,-0.46,-0.12,2.7,-1.65,8.5,2.94,-1.74,6.25,2.59,-0.85,8.75,2.73,-0.87,16.5,2.84,-0.89,16.75,2.81,-0.83,19.5,3.21,-1.16,9.5,3.61,-0.98,14.0,3.79,-0.7,17.25,3.98,-0.63,16.0,,,,,,,,,,,,,,,,,,,,,,,,,,,
171310,3,11,216,0,2.77,-1.04,-0.21,-0.79,-0.37,-0.09,3.13,-1.28,4.5,2.6,-0.86,10.0,2.67,-0.91,17.5,2.74,-0.88,17.75,3.03,-0.98,9.25,2.9,-0.8,13.5,3.77,-0.73,16.75,,,,,,,,,,,,,,,,,,,,,,,,,,,,,,,,,,,,
171310,3,12,217,0,2.79,-1.08,-0.14,-0.76,-0.23,-0.08,2.65,-1.0,18.75,2.7,-1.03,18.75,2.59,-0.95,9.0,3.66,-1.11,7.0,2.91,-0.86,15.5,3.05,-0.86,11.75,3.58,-0.96,5.25,,,,,,,,,,,,,,,,,,,,,,,,,,,,,,,,,,,,
171310,3,13,218,0,2.79,-1.19,-0.13,-0.84,-0.16,-0.16,2.79,-1.27,23.25,2.85,-1.31,17.5,2.71,-1.14,12.75,2.77,-1.23,21.75,3.01,-1.36,8.5,,,,,,,,,,,,,,,,,,,,,,,,,,,,,,,,,,,,,,,,,,
171310,3,14,219,0,2.77,-1.24,-0.16,-0.77,-0.21,-0.07,2.69,-1.3,14.5,2.68,-1.14,13.0,2.68,-1.2,18.25,3.25,-0.98,4.25,3.08,-0.82,7.5,,,,,,,,,,,,,,,,,,,,,,,,,,,,,,,,,,,,,,,,,,
171310,3,15,220,0,2.74,-1.29,-0.23,-0.73,-0.29,0.0,2.65,-1.25,8.0,2.73,-1.28,16.25,2.76,-1.3,17.0,2.82,-1.35,10.0,,,,,,,,,,,,,,,,,,,,,,,,,,,,,,,,,,,,,,,,,,,,,
171310,3,16,221,0,2.73,-1.34,-0.23,-0.68,-0.26,0.03,2.67,-1.21,15.5,2.73,-1.25,11.5,2.66,-1.15,10.5,2.92,-1.31,6.0,2.78,-1.07,26.25,2.62,-0.88,14.0,2.72,-0.93,21.75,,,,,,,,,,,,,,,,,,,,,,,,,,,,,,,,,,,,
171310,3,17,222,0,2.72,-1.38,-0.22,-0.64,-0.22,0.06,2.95,-1.02,5.0,3.19,-1.04,11.0,3.51,-1.07,12.0,3.64,-1.08,11.75,3.92,-0.94,7.25,,,,,,,,,,,,,,,,,,,,,,,,,,,,,,,,,,,,,,,,,,
171310,3,18,223,0,2.73,-1.39,-0.21,-0.53,-0.21,0.15,2.83,-1.3,6.5,2.77,-1.1,4.75,2.97,-1.31,5.25,3.15,-1.15,10.25,3.51,-1.09,11.5,3.65,-1.07,11.0,3.9,-1.0,7.0,,,,,,,,,,,,,,,,,,,,,,,,,,,,,,,,,,,,
171310,3,19,224,0,2.7,-1.41,-0.25,-0.47,-0.25,0.2,2.79,-1.53,4.75,2.7,-1.28,9.0,2.73,-1.38,9.25,3.1,-1.2,10.75,3.5,-1.06,10.0,3.64,-1.14,10.0,3.92,-0.91,7.0,,,,,,,,,,,,,,,,,,,,,,,,,,,,,,,,,,,,
171310,3,20,225,0,2.72,-1.4,-0.2,-0.36,-0.18,0.27,2.71,-1.28,5.75,2.85,-1.21,7.0,3.03,-1.12,4.0,3.45,-1.1,11.0,3.59,-1.24,10.25,,,,,,,,,,,,,,,,,,,,,,,,,,,,,,,,,,,,,,,,,,
171310,3,21,226,0,2.7,-1.4,-0.21,-0.28,-0.18,0.31,2.7,-1.1,6.5,2.71,-1.16,19.25,2.75,-1.19,26.5,3.48,-1.06,9.25,,,,,,,,,,,,,,,,,,,,,,,,,,,,,,,,,,,,,,,,,,,,,
171332,4,1,320,0,2.76,-0.3,0.22,-0.6,0.24,-0.55,3.37,-1.15,5.25,3.61,-1.29,4.5,2.52,-0.6,6.0,2.64,-0.61,17.75,2.69,-0.65,21.75,2.85,-0.71,20.5,3.04,-0.66,22.5,3.12,-0.62,21.0,3.21,-0.71,11.5,2.94,-0.98,19.25,3.02,-1.01,16.25,3.2,-0.98,9.5,3.49,-1.22,7.0,2.82,-0.76,17.25,3.77,-1.0,12.75,3.88,-1.07,11.75,2.64,-0.43,17.0,2.53,-0.17,10.0,,,
171332,4,2,321,0,2.77,-0.5,0.1,-0.85,-0.02,-0.69,2.77,-1.07,22.25,2.79,-1.17,21.5,3.57,-1.1,7.0,2.66,-0.62,10.25,2.75,-0.78,17.5,3.0,-0.87,14.0,3.25,-0.9,5.25,3.73,-1.02,11.5,3.88,-1.09,9.5,2.97,-0.92,19.0,3.02,-1.02,15.75,3.23,-0.99,9.0,3.56,-1.14,10.25,2.81,-0.77,17.5,3.76,-0.99,15.25,3.89,-1.04,14.75,2.61,-0.56,17.5,2.52,-0.22,10.0,,,
171332,4,3,322,0,2.78,-0.73,0.0,-1.13,-0.21,-0.84,2.69,-1.51,18.0,2.71,-1.51,21.75,2.76,-1.49,17.0,3.0,-1.47,6.0,2.83,-0.55,4.5,3.74,-0.5,8.5,3.84,-0.5,14.0,3.99,-0.52,11.75,2.94,-1.03,20.5,3.03,-1.0,16.75,3.5,-1.22,12.25,3.88,-1.08,14.5,2.61,-0.57,17.5,2.53,-0.23,9.75,,,,,,,,,,,,,,,
171332,4,4,323,0,2.8,-0.8,-0.11,-1.05,-0.4,-0.65,2.55,-0.93,5.0,3.03,-0.91,21.25,3.14,-1.02,11.75,2.81,-0.77,12.5,2.94,-0.79,20.5,2.99,-0.88,24.0,3.52,-0.94,6.5,3.78,-0.86,11.25,3.94,-0.82,10.0,3.51,-1.17,12.75,3.89,-1.03,15.0,2.63,-0.52,17.25,2.54,-0.17,8.75,,,,,,,,,,,,,,,,,,
171332,4,5,324,0,2.82,-0.97,-0.1,-1.24,-0.34,-0.76,2.81,-1.12,23.25,2.8,-1.19,24.0,2.86,-1.24,16.25,2.61,-0.85,4.0,2.77,-0.99,14.5,3.17,-1.08,7.75,3.53,-0.93,6.75,3.76,-0.73,7.0,3.99,-0.58,5.75,2.99,-1.06,20.0,3.51,-1.14,12.25,2.56,-0.06,8.0,,,,,,,,,,,,,,,,,,,,,
171332,4,6,325,0,2.82,-1.08,-0.14,-1.28,-0.37,-0.72,2.84,-1.72,6.5,2.7,-1.14,7.5,2.87,-1.04,16.75,2.91,-1.04,20.0,2.95,-1.09,15.75,3.58,-0.73,5.25,3.0,-1.03,21.25,3.48,-1.13,11.75,3.74,-0.9,14.0,2.56,-0.1,8.75,,,,,,,,,,,,,,,,,,,,,,,,,,,
171332,4,7,326,0,2.87,-1.12,-0.1,-1.15,-0.32,-0.52,3.15,-1.21,5.0,3.02,-0.96,13.0,2.8,-0.75,4.75,2.94,-0.81,13.0,2.98,-0.87,16.25,3.55,-1.04,5.75,3.69,-1.05,8.0,3.87,-1.11,5.25,2.79,-1.07,23.5,3.12,-1.19,13.75,2.99,-1.05,21.25,3.49,-1.13,11.5,3.76,-0.86,14.75,,,,,,,,,,,,,,,,,,
171332,4,8,327,0,2.85,-1.18,-0.16,-1.08,-0.39,-0.4,2.79,-1.07,24.25,2.83,-1.12,24.25,2.91,-1.15,18.0,2.65,-0.82,7.25,2.74,-0.97,18.5,3.09,-1.11,8.0,2.8,-1.08,24.75,2.9,-1.1,27.25,2.97,-1.08,23.0,3.55,-0.96,12.0,3.75,-0.9,15.75,3.92,-0.93,13.0,,,,,,,,,,,,,,,,,,,,,
171332,4,9,328,0,2.82,-1.26,-0.26,-1.02,-0.5,-0.27,2.71,-1.19,8.25,2.8,-1.23,20.75,2.78,-1.24,22.75,2.83,-1.26,15.0,3.7,-1.13,4.75,2.82,-1.1,25.0,2.88,-1.13,27.25,2.96,-1.11,23.25,3.14,-1.17,14.75,3.56,-0.98,14.0,,,,,,,,,,,,,,,,,,,,,,,,,,,
171332,4,10,329,0,2.77,-1.37,-0.36,-1.05,-0.58,-0.26,2.37,-1.78,10.75,2.58,-1.15,6.5,3.07,-1.14,6.75,2.93,-1.12,22.5,3.13,-1.21,13.0,3.57,-1.02,14.5,,,,,,,,,,,,,,,,,,,,,,,,,,,,,,,,,,,,,,,
171332,4,11,330,0,2.79,-1.38,-0.3,-0.91,-0.45,-0.13,2.88,-1.1,16.25,2.95,-1.17,13.75,3.11,-1.17,5.5,2.73,-0.93,10.75,2.82,-1.0,15.5,3.55,-0.99,12.5,,,,,,,,,,,,,,,,,,,,,,,,,,,,,,,,,,,,,,,
171332,4,12,331,0,2.81,-1.35,-0.23,-0.75,-0.32,0.0,2.82,-1.08,15.5,2.94,-1.22,11.75,3.1,-1.27,6.0,2.6,-0.92,8.0,2.69,-0.94,17.75,2.74,-0.96,19.25,,,,,,,,,,,,,,,,,,,,,,,,,,,,,,,,,,,,,,,
171332,4,13,332,0,2.86,-1.33,-0.09,-0.61,-0.13,0.09,2.73,-1.04,15.25,2.78,-1.09,21.5,2.81,-1.12,20.75,2.96,-1.09,13.75,3.2,-1.05,8.25,3.41,-1.15,5.0,3.7,-0.88,4.0,,,,,,,,,,,,,,,,,,,,,,,,,,,,,,,,,,,,
171332,4,14,333,0,2.88,-1.34,-0.05,-0.54,-0.06,0.13,2.72,-1.09,6.5,2.8,-1.17,16.0,2.84,-1.19,17.75,2.94,-1.23,13.5,3.17,-1.08,7.75,,,,,,,,,,,,,,,,,,,,,,,,,,,,,,,,,,,,,,,,,,
171332,4,15,334,0,2.88,-1.35,-0.06,-0.44,-0.1,0.23,2.87,-1.12,9.75,2.91,-1.27,16.5,2.96,-1.27,16.25,3.1,-1.18,9.75,3.14,-1.15,13.5,,,,,,,,,,,,,,,,,,,,,,,,,,,,,,,,,,,,,,,,,,
171332,4,16,335,0,2.86,-1.34,-0.1,-0.29,-0.17,0.35,2.72,-1.04,5.0,2.79,-1.16,14.0,2.81,-1.17,15.25,2.92,-1.23,7.75,3.19,-1.23,4.5,,,,,,,,,,,,,,,,,,,,,,,,,,,,,,,,,,,,,,,,,,
171344,5,1,380,0,2.91,-0.12,0.35,-0.79,0.51,-1.1,2.93,-1.33,10.25,3.09,-1.43,8.0,2.79,-1.09,14.25,2.64,-0.64,18.25,2.68,-0.66,22.75,2.72,-0.74,19.75,2.54,-0.53,6.0,3.96,-0.73,5.25,3.66,-0.48,4.75,3.8,-0.56,7.5,2.84,-1.16,19.5,2.93,-1.21,16.25,3.12,-1.26,7.5,2.69,-0.46,25.0,3.81,-0.58,14.75,2.64,-0.05,24.0,2.41,0.12,4.75,2.55,0.12,18.0,,,
171344,5,2,381,0,2.94,-0.43,0.33,-1.27,0.35,-1.41,2.75,-1.6,8.25,2.64,-1.36,14.25,2.67,-1.04,20.0,3.22,-1.28,5.75,2.59,-0.93,11.0,2.66,-0.98,19.25,3.58,-1.0,7.0,3.71,-0.99,9.75,3.92,-0.93,6.75,2.94,-1.23,16.0,3.17,-1.2,9.25,3.8,-0.63,15.0,3.95,-0.81,12.25,2.68,-0.43,24.75,3.71,-0.56,11.75,2.64,-0.07,23.5,2.4,0.13,4.5,2.56,0.11,17.5,,,
171344,5,3,382,0,2.89,-0.58,0.1,-1.38,-0.03,-1.34,2.8,-1.47,6.0,2.74,-1.07,13.0,2.62,-0.79,16.25,2.67,-0.81,22.25,2.7,-0.83,20.75,3.92,-0.93,4.75,3.81,-0.65,6.25,3.69,-0.61,12.25,3.78,-0.68,15.5,3.94,-0.83,12.75,2.64,-0.12,23.5,2.4,0.05,4.75,2.56,0.09,17.25,,,,,,,,,,,,,,,,,,
171344,5,4,383,0,2.89,-0.78,-0.03,-1.55,-0.26,-1.35,2.7,-1.05,14.75,2.76,-1.24,22.25,2.83,-1.2,24.5,2.93,-1.11,18.5,2.57,-0.84,8.5,3.26,-0.79,7.25,3.68,-0.68,9.5,3.82,-0.57,14.0,3.99,-0.57,12.0,2.39,0.06,4.0,2.56,0.08,16.5,,,,,,,,,,,,,,,,,,,,,,,,
171344,5,5,384,0,2.89,-0.94,-0.13,-1.66,-0.39,-1.3,2.73,-1.14,23.75,2.77,-1.24,22.75,2.93,-1.16,16.25,2.62,-0.82,12.0,2.72,-0.9,20.0,3.18,-1.17,9.5,3.51,-1.11,9.5,3.76,-0.8,11.5,3.96,-0.75,8.75,3.22,-1.08,13.0,,,,,,,,,,,,,,,,,,,,,,,,,,,
171344,5,6,385,0,2.86,-1.08,-0.21,-1.69,-0.47,-1.18,2.83,-1.14,20.5,2.89,-1.22,15.0,2.75,-0.89,15.0,2.8,-1.03,20.0,3.17,-1.05,5.75,2.63,-0.75,6.0,3.52,-0.93,4.25,3.22,-1.07,13.5,,,,,,,,,,,,,,,,,,,,,,,,,,,,,,,,,
171344,5,7,386,0,2.82,-1.21,-0.33,-1.69,-0.59,-1.04,2.78,-1.28,23.5,2.85,-1.3,18.25,2.71,-1.1,15.0,2.75,-1.24,22.25,3.04,-1.27,8.25,2.62,-0.83,4.25,2.86,-1.12,23.75,3.01,-1.07,19.0,3.17,-1.17,14.25,2.78,-0.8,23.25,,,,,,,,,,,,,,,,,,,,,,,,,,,
171344,5,8,387,0,2.83,-1.31,-0.32,-1.63,-0.53,-0.88,2.73,-1.12,11.5,2.83,-1.16,21.75,2.88,-1.13,24.5,2.94,-1.12,20.5,3.09,-1.14,10.5,3.43,-1.01,4.0,3.68,-1.07,4.0,3.17,-1.14,15.75,2.54,-0.58,7.5,3.95,-0.8,14.5,,,,,,,,,,,,,,,,,,,,,,,,,,,
171344,5,9,388,0,2.79,-1.38,-0.4,-1.5,-0.62,-0.64,2.66,-1.34,14.75,2.77,-1.31,15.25,2.62,-1.17,10.5,2.94,-1.19,11.5,3.1,-1.33,4.0,3.57,-0.81,4.0,3.77,-0.64,4.0,2.79,-1.09,28.75,2.83,-1.14,29.5,2.93,-1.14,23.0,3.14,-1.15,15.5,3.63,-0.69,13.5,3.79,-0.66,17.25,3.94,-0.84,14.25,,,,,,,,,,,,,,,
171344,5,10,389,0,2.78,-1.45,-0.41,-1.4,-0.59,-0.48,2.83,-0.86,9.25,2.92,-0.81,7.0,2.8,-1.1,28.5,2.84,-1.15,29.75,2.93,-1.14,23.25,2.75,-0.88,21.75,3.14,-1.15,15.25,3.64,-0.66,13.25,3.79,-0.67,17.25,3.96,-0.75,14.0,,,,,,,,,,,,,,,,,,,,,,,,,,,
171344,5,11,390,0,2.76,-1.52,-0.41,-1.3,-0.54,-0.34,2.72,-1.24,16.75,2.72,-1.28,16.0,2.81,-1.34,6.75,2.67,-1.14,10.75,2.8,-1.1,28.75,2.85,-1.12,29.5,2.93,-1.13,23.5,2.73,-1.0,21.75,3.15,-1.14,15.25,3.97,-0.7,14.5,,,,,,,,,,,,,,,,,,,,,,,,,,,
171344,5,12,391,0,2.79,-1.49,-0.3,-1.07,-0.38,-0.11,2.84,-1.13,15.75,2.92,-1.22,10.5,3.09,-1.34,4.5,2.73,-0.9,10.0,2.8,-1.03,15.0,2.8,-1.1,28.5,2.85,-1.11,29.25,2.93,-1.13,23.25,2.61,-0.91,12.0,2.73,-1.0,21.25,3.13,-1.13,14.0,,,,,,,,,,,,,,,,,,,,,,,,
171344,5,13,392,0,2.85,-1.46,-0.14,-0.86,-0.17,0.06,2.68,-1.14,15.25,2.76,-1.13,20.5,3.11,-1.2,13.25,2.9,-1.06,20.5,3.01,-1.11,18.75,3.38,-1.06,5.5,3.75,-0.76,4.0,2.74,-1.04,20.75,2.79,-1.14,28.5,2.83,-1.14,29.0,3.07,-1.29,13.5,2.62,-0.92,8.75,,,,,,,,,,,,,,,,,,,,,
171344,5,14,393,0,2.87,-1.41,-0.12,-0.59,-0.19,0.32,2.72,-1.13,14.25,2.77,-1.15,22.0,2.8,-1.21,21.5,2.89,-1.26,16.75,3.15,-1.11,7.75,3.51,-0.95,6.0,3.68,-0.96,5.5,2.61,-0.98,8.25,2.74,-1.06,20.5,2.78,-1.15,28.5,2.81,-1.17,28.5,3.07,-1.3,13.25,3.53,-0.94,11.0,,,,,,,,,,,,,,,,,,
171344,5,15,394,0,2.88,-1.41,-0.13,-0.43,-0.23,0.47,2.7,-1.65,16.25,2.89,-1.44,15.75,3.08,-1.31,10.25,2.71,-0.92,7.5,3.39,-1.19,4.0,3.76,-0.84,5.0,3.97,-0.7,4.25,2.74,-1.07,21.0,2.78,-1.12,28.75,2.81,-1.13,28.25,3.5,-0.94,11.75,,,,,,,,,,,,,,,,,,,,,,,,
171344,5,16,395,0,2.88,-1.41,-0.12,-0.32,-0.19,0.52,2.66,-1.22,13.25,2.71,-1.26,20.25,2.74,-1.29,19.25,2.91,-1.23,13.0,3.19,-1.03,8.25,2.74,-1.25,28.0,2.73,-1.22,29.25,3.48,-0.99,11.5,3.91,-0.96,9.5,,,,,,,,,,,,,,,,,,,,,,,,,,,,,,
171357,6,1,485,0,2.65,0.43,0.02,-0.35,-0.02,-0.3,2.91,-1.34,14.75,3.27,-1.51,4.25,2.85,-1.23,17.0,3.09,-1.28,8.5,3.72,-1.11,5.0,3.91,-0.99,6.5,2.83,-0.63,16.0,2.53,-0.12,5.5,2.67,-0.22,13.0,2.75,-0.24,17.0,,,,,,,,,,,,,,,,,,,,,,,,,,,
171357,6,2,486,0,2.66,0.4,0.07,-0.39,0.05,-0.33,2.94,-1.04,8.5,3.06,-1.06,7.25,3.28,-0.92,4.25,2.54,0.12,11.5,2.61,0.27,18.5,2.62,0.42,17.5,2.75,0.42,9.25,2.62,0.42,17.5,3.48,1.73,4.5,3.55,1.9,5.0,2.77,-1.38,20.5,2.89,-1.37,16.75,3.15,-1.33,11.75,2.79,-0.88,19.0,2.71,-0.21,20.75,,,,,,,,,,,,
171357,6,3,487,0,2.69,0.33,0.12,-0.47,0.1,-0.37,3.03,-1.09,5.5,3.79,-0.91,5.75,3.94,-0.83,7.0,2.96,-0.31,9.25,2.55,0.18,6.0,2.79,0.26,17.5,2.73,0.39,21.0,2.67,0.48,16.5,2.84,-1.27,20.75,2.83,-0.72,18.5,3.54,-0.92,12.0,3.75,-0.81,12.5,2.71,-0.07,21.5,,,,,,,,,,,,,,,,,,
171357,6,4,488,0,2.71,0.24,0.16,-0.57,0.14,-0.42,2.9,-1.14,13.5,2.93,-1.32,13.0,3.12,-1.24,6.75,3.76,-0.97,5.5,3.88,-1.09,6.75,2.82,-0.16,15.0,2.65,0.25,18.0,2.7,0.17,19.25,2.56,0.27,9.0,3.81,1.31,4.0,3.52,-0.95,12.25,3.76,-0.71,12.5,3.98,-0.65,10.5,2.81,-0.45,20.0,,,,,,,,,,,,,,,
171357,6,5,489,0,2.73,0.29,0.17,-0.42,0.13,-0.26,3.1,-0.13,5.25,2.77,0.77,8.25,2.54,0.83,4.25,2.64,0.91,9.0,3.79,1.38,5.75,3.52,-0.97,10.5,3.77,-0.78,12.25,3.95,-0.77,10.75,,,,,,,,,,,,,,,,,,,,,,,,,,,,,,,,,
171357,6,6,490,0,2.72,0.33,0.11,-0.31,0.03,-0.14,2.94,-1.26,6.5,2.92,-1.02,9.5,3.83,-1.26,5.0,2.7,-0.71,5.25,2.88,-0.76,8.25,2.58,-0.16,5.25,2.54,1.12,6.5,2.66,1.06,5.5,3.13,-1.21,13.25,3.5,-1.02,10.75,3.92,-0.92,12.0,3.77,-0.84,12.0,3.73,1.53,6.75,,,,,,,,,,,,,,,,,,
171409,7,1,497,0,2.63,0.23,-0.16,-0.26,-0.21,-0.09,2.64,0.18,17.5,2.67,0.17,17.75,2.76,0.13,11.25,2.55,0.26,9.75,3.55,-0.92,4.0,3.84,-0.87,8.25,3.83,-0.87,8.0,2.79,0.08,19.25,2.58,0.19,13.25,2.66,0.19,22.0,2.71,0.15,23.75,,,,,,,,,,,,,,,,,,,,,,,,
171411,8,1,513,0,2.69,0.15,0.28,-0.49,0.31,-0.39,3.1,-1.52,7.25,2.76,-1.1,12.5,2.94,-1.31,6.5,2.72,-0.7,19.5,3.91,-0.95,6.25,2.67,-0.54,17.75,2.69,-0.59,22.5,3.62,-0.7,6.0,2.55,-0.4,5.25,3.8,-0.58,8.0,,,,,,,,,,,,,,,,,,,,,,,,,,,
171411,8,2,514,0,2.74,-0.13,0.23,-0.9,0.1,-0.7,3.19,-1.11,8.5,2.67,-0.75,10.75,2.76,-0.75,21.25,2.8,-0.71,23.0,3.05,-0.88,14.0,3.6,-0.86,7.0,2.93,-0.65,18.25,3.82,-0.66,11.75,3.98,-0.6,10.75,,,,,,,,,,,,,,,,,,,,,,,,,,,,,,
171411,8,3,515,0,2.76,-0.38,0.12,-1.21,-0.13,-0.88,2.87,-1.08,18.75,2.94,-1.21,15.0,2.83,-0.88,19.25,3.15,-1.11,8.0,2.65,-0.75,4.75,2.77,-0.79,15.0,3.92,-0.94,4.25,3.49,-1.05,9.5,3.7,-1.11,10.75,3.63,1.74,6.5,,,,,,,,,,,,,,,,,,,,,,,,,,,
171411,8,4,516,0,2.8,-0.56,0.04,-1.36,-0.28,-0.9,2.8,-1.14,15.5,2.71,-0.96,11.75,3.02,-0.96,19.75,3.12,-0.83,20.0,3.28,-0.72,13.0,3.59,-0.62,10.5,3.78,-0.66,12.25,3.96,-0.75,10.25,3.49,-1.0,8.75,3.72,-1.08,10.5,,,,,,,,,,,,,,,,,,,,,,,,,,,
171411,8,5,517,0,2.8,-0.69,-0.08,-1.37,-0.47,-0.8,2.65,-0.91,8.25,2.78,-0.88,22.75,3.19,-0.99,11.75,2.82,-0.83,27.25,2.9,-0.72,23.75,3.04,-0.81,16.5,3.76,-0.91,8.5,3.9,-1.01,8.0,3.57,-0.63,5.0,3.61,-0.69,10.5,3.81,-0.69,13.5,3.94,-0.86,13.25,,,,,,,,,,,,,,,,,,,,,
171411,8,6,518,0,2.82,-0.89,-0.11,-1.56,-0.47,-0.89,3.02,-1.13,20.5,3.11,-1.18,15.25,2.77,-0.98,11.0,2.85,-1.04,19.25,2.94,-1.05,21.25,3.35,-1.09,6.0,3.76,-0.81,4.0,3.96,-0.74,4.25,3.55,-0.82,11.0,3.8,-0.74,13.75,3.93,-0.87,12.75,2.7,-0.3,17.5,2.56,0.06,8.5,,,,,,,,,,,,,,,,,,
171411,8,7,519,0,2.81,-0.97,-0.22,-1.44,-0.61,-0.66,2.85,-0.96,14.75,2.94,-0.98,16.75,3.02,-0.98,13.5,2.77,-0.81,9.5,3.21,-0.95,4.75,3.58,-0.81,10.75,3.8,-0.71,14.0,3.93,-0.88,12.75,,,,,,,,,,,,,,,,,,,,,,,,,,,,,,,,,
171411,8,8,520,0,2.8,-1.02,-0.3,-1.29,-0.68,-0.43,3.18,-1.58,5.0,2.78,-0.84,19.75,2.79,-0.85,24.25,3.18,-1.13,10.25,2.69,-0.75,5.75,2.88,-0.82,18.75,3.08,-0.81,13.75,3.92,-0.92,13.25,3.58,-0.76,10.75,3.81,-0.68,14.0,,,,,,,,,,,,,,,,,,,,,,,,,,,
171411,8,9,521,0,2.79,-1.12,-0.32,-1.29,-0.63,-0.4,2.95,-1.11,20.0,2.8,-0.94,10.0,2.9,-0.99,20.5,2.91,-1.05,23.75,3.11,-1.06,9.5,3.56,-0.82,10.5,3.81,-0.7,13.75,3.94,-0.83,12.75,,,,,,,,,,,,,,,,,,,,,,,,,,,,,,,,,
171411,8,10,522,0,2.8,-1.24,-0.25,-1.37,-0.43,-0.48,2.83,-1.06,25.5,2.85,-1.08,26.5,2.9,-1.14,20.0,3.03,-1.26,7.75,2.78,-1.03,16.0,3.73,-0.94,4.0,3.14,-1.15,16.25,3.52,-0.83,11.0,3.92,-0.91,11.25,3.77,-0.78,13.5,,,,,,,,,,,,,,,,,,,,,,,,,,,
171411,8,11,523,0,2.76,-1.33,-0.38,-1.25,-0.61,-0.27,2.76,-1.37,18.25,2.78,-1.41,22.75,2.82,-1.38,18.5,2.71,-1.15,6.5,3.0,-1.32,6.0,3.52,-0.82,11.25,3.76,-0.78,13.0,,,,,,,,,,,,,,,,,,,,,,,,,,,,,,,,,,,,
171411,8,12,524,0,2.76,-1.4,-0.37,-1.19,-0.53,-0.2,2.85,-1.09,6.0,2.92,-1.27,11.25,3.0,-1.24,12.5,3.15,-1.17,6.5,3.5,-0.89,10.5,3.75,-0.82,12.5,,,,,,,,,,,,,,,,,,,,,,,,,,,,,,,,,,,,,,,
171411,8,13,525,0,2.74,-1.47,-0.38,-1.13,-0.49,-0.14,2.79,-1.29,17.75,2.81,-1.4,11.25,2.68,-1.16,5.0,2.79,-1.23,15.0,2.83,-1.07,25.75,2.77,-1.0,17.5,,,,,,,,,,,,,,,,,,,,,,,,,,,,,,,,,,,,,,,
171411,8,14,526,0,2.73,-1.53,-0.37,-1.06,-0.44,-0.07,2.78,-1.36,7.25,2.76,-1.18,5.5,2.98,-1.2,4.25,2.84,-1.09,25.0,2.87,-1.18,27.5,2.94,-1.22,24.5,2.79,-0.96,15.75,3.89,-1.04,7.5,,,,,,,,,,,,,,,,,,,,,,,,,,,,,,,,,
171411,8,15,527,0,2.74,-1.54,-0.34,-0.91,-0.38,0.07,2.86,-0.98,6.5,2.92,-1.0,9.0,2.84,-1.13,26.75,2.8,-0.98,15.75,3.7,-0.97,11.0,3.88,-1.1,8.0,,,,,,,,,,,,,,,,,,,,,,,,,,,,,,,,,,,,,,,
171411,8,16,528,0,2.73,-1.6,-0.33,-0.86,-0.34,0.1,3.04,-1.3,5.0,2.78,-1.06,17.5,3.41,-1.06,10.25,3.65,-1.04,8.75,3.9,-1.02,5.75,,,,,,,,,,,,,,,,,,,,,,,,,,,,,,,,,,,,,,,,,,
171411,8,17,529,0,2.78,-1.55,-0.23,-0.64,-0.23,0.27,2.97,-1.2,8.0,2.86,-1.03,5.5,2.94,-1.09,9.75,2.84,-1.17,32.0,2.88,-1.23,26.0,3.07,-1.18,16.0,3.68,-1.0,9.75,3.89,-1.03,6.5,,,,,,,,,,,,,,,,,,,,,,,,,,,,,,,,,
171411,8,18,530,0,2.83,-1.49,-0.13,-0.44,-0.12,0.39,2.92,-1.14,7.75,2.99,-1.21,5.75,2.88,-0.91,4.0,2.77,-1.12,16.75,2.84,-1.16,29.25,2.85,-1.18,32.25,2.89,-1.2,27.0,3.05,-1.19,15.0,3.44,-1.02,10.0,3.65,-1.02,9.0,3.9,-1.02,5.75,,,,,,,,,,,,,,,,,,,,,,,,
171411,8,19,531,0,2.81,-1.52,-0.16,-0.38,-0.15,0.41,2.78,-1.44,4.5,2.78,-1.1,15.5,2.85,-1.13,28.0,2.88,-1.14,30.75,2.92,-1.15,26.5,3.04,-1.2,14.75,3.43,-1.01,7.25,3.68,-1.03,7.5,3.87,-1.13,5.25,,,,,,,,,,,,,,,,,,,,,,,,,,,,,,
171423,9,1,585,0,3.06,-1.02,0.01,-0.33,0.11,-0.44,2.77,-1.27,14.0,2.7,-1.1,11.5,2.7,-1.16,18.25,3.06,-1.19,13.25,3.2,-1.15,12.75,3.36,-1.04,5.5,2.63,-0.95,8.5,3.57,-0.84,14.0,3.76,-0.71,16.25,,,,,,,,,,,,,,,,,,,,,,,,,,,,,,
171423,9,2,586,0,3.05,-1.07,-0.01,-0.39,0.06,-0.45,2.93,-1.2,14.25,3.03,-1.19,14.25,2.91,-0.98,8.75,3.19,-1.09,11.0,3.42,-0.92,4.5,2.62,-0.98,8.75,3.62,-0.82,13.75,3.77,-0.7,16.0,3.97,-0.7,12.75,,,,,,,,,,,,,,,,,,,,,,,,,,,,,,
171423,9,3,587,0,3.03,-1.1,-0.04,-0.41,0.0,-0.42,2.82,-1.07,11.0,2.84,-1.08,12.0,2.64,-0.91,8.25,3.2,-1.07,13.25,3.62,-0.79,13.25,3.77,-0.69,15.75,,,,,,,,,,,,,,,,,,,,,,,,,,,,,,,,,,,,,,,
171502,10,1,762,0,2.69,0.0,0.09,-0.43,0.08,-0.3,2.51,0.08,5.25,2.6,0.05,11.0,2.65,0.04,9.25,2.51,0.08,5.5,2.99,-1.17,13.75,2.92,-1.05,16.0,3.2,-1.0,8.25,,,,,,,,,,,,,,,,,,,,,,,,,,,,,,,,,,,,
171502,10,2,763,0,2.7,-0.04,0.1,-0.46,0.09,-0.3,2.63,-0.01,7.5,2.7,-0.06,8.25,2.98,-1.17,13.75,2.92,-0.98,17.0,3.24,-0.94,8.25,2.79,-0.12,20.25,,,,,,,,,,,,,,,,,,,,,,,,,,,,,,,,,,,,,,,
171502,10,3,764,0,2.68,0.0,0.04,-0.36,0.0,-0.19,2.48,0.17,4.75,2.6,0.14,9.5,2.67,0.18,8.25,2.93,-0.93,16.25,3.02,-1.09,13.75,3.21,-0.97,9.0,3.66,-0.61,6.5,2.79,-0.17,20.25,2.69,-0.05,26.0,,,,,,,,,,,,,,,,,,,,,,,,,,,,,,
171502,10,4,765,0,2.66,0.03,-0.02,-0.26,-0.06,-0.1,3.83,-0.68,4.0,3.95,-0.8,5.5,2.52,0.2,6.5,2.61,0.19,13.0,2.65,0.17,12.0,2.99,-1.19,13.75,2.89,-1.04,15.5,3.6,-0.84,8.25,2.78,-0.14,20.0,,,,,,,,,,,,,,,,,,,,,,,,,,,,,,
171502,10,5,766,0,2.65,0.02,-0.04,-0.25,-0.08,-0.08,2.86,-0.32,5.0,2.7,0.03,7.25,2.48,0.15,4.75,2.59,0.17,9.0,2.87,-1.17,16.0,2.94,-1.27,13.75,3.65,-0.76,8.5,2.77,-0.23,18.0,2.67,0.0,24.75,,,,,,,,,,,,,,,,,,,,,,,,,,,,,,
171510,11,1,849,0,2.97,0.44,-0.07,-0.29,-0.1,-0.26,3.0,-1.27,12.25,2.93,-1.05,11.25,3.19,-1.15,8.25,3.45,-1.03,5.0,3.88,-1.1,6.25,2.82,0.07,14.75,2.71,0.1,12.75,2.76,0.12,17.75,2.92,-0.95,20.5,3.09,-1.0,19.5,2.86,-0.6,22.75,2.82,-0.19,21.0,2.73,0.13,14.5,,,,,,,,,,,,,,,,,,
171510,11,2,850,0,2.95,0.41,-0.11,-0.35,-0.15,-0.31,2.84,-1.37,12.75,2.9,-1.36,11.75,3.12,-1.2,4.75,3.92,-0.92,4.0,2.72,0.2,12.5,2.77,0.19,18.25,2.81,0.2,15.5,3.77,-1.43,7.75,3.06,-1.11,18.25,2.97,-0.76,19.75,2.88,-0.43,21.5,2.8,0.0,21.0,2.73,0.12,15.75,,,,,,,,,,,,,,,,,,
171510,11,3,851,0,2.92,0.39,-0.13,-0.37,-0.16,-0.33,2.94,-1.24,12.75,2.99,-1.22,13.5,3.09,-1.25,6.0,3.7,-1.59,4.0,2.56,0.27,15.0,2.61,0.29,22.5,2.62,0.3,21.75,2.72,0.33,12.0,3.67,-1.1,8.5,3.86,-1.17,8.75,2.87,-0.2,20.5,2.66,0.24,20.5,2.74,0.13,22.75,2.55,0.27,13.25,,,,,,,,,,,,,,,
171510,11,4,852,0,2.91,0.24,-0.13,-0.59,-0.14,-0.49,2.98,-0.8,6.5,3.17,-0.79,8.0,3.32,-0.73,5.5,3.84,-0.74,5.75,3.98,-0.6,8.0,2.64,-0.1,20.0,2.75,-0.16,10.5,2.62,-0.01,21.0,2.56,0.09,14.5,2.97,-1.0,19.75,3.13,-1.11,12.25,3.91,-0.95,8.25,3.52,-0.75,6.5,2.69,0.21,24.0,2.82,0.14,19.0,,,,,,,,,,,,
171510,11,5,853,0,2.91,0.14,-0.08,-0.71,-0.03,-0.56,3.03,-1.09,9.0,3.19,-1.12,4.75,3.02,-0.73,10.25,3.8,-0.97,6.0,2.87,-0.27,9.75,2.66,0.22,13.5,2.51,0.35,11.25,2.56,0.35,16.25,3.59,1.82,4.75,2.98,-0.98,20.0,3.49,-0.86,7.5,3.91,-0.97,8.75,3.77,-0.85,8.5,2.64,0.25,24.0,2.68,0.24,24.5,2.81,0.22,19.5,2.56,0.27,16.5,,,,,,
171510,11,6,854,0,2.9,0.05,-0.04,-0.81,0.05,-0.59,3.0,-1.14,9.5,2.94,-1.06,9.5,2.82,-0.25,8.25,2.6,0.08,16.25,2.66,0.06,14.75,2.54,0.08,11.0,3.36,2.22,6.75,2.96,-1.14,19.0,3.12,-1.12,10.75,3.6,-0.56,5.5,2.63,0.25,24.25,2.68,0.25,24.5,2.79,0.3,19.25,3.49,2.01,5.5,,,,,,,,,,,,,,,
171510,11,7,855,0,2.89,-0.04,0.0,-0.87,0.12,-0.6,2.83,-1.37,13.5,2.87,-1.4,12.25,3.13,-1.2,4.5,2.84,-0.4,10.0,2.52,-0.02,4.5,2.66,0.15,11.75,2.71,0.16,14.0,3.11,-1.17,10.25,3.59,-0.66,6.5,2.68,0.2,24.75,2.78,0.19,19.25,,,,,,,,,,,,,,,,,,,,,,,,
171510,11,8,856,0,2.89,0.0,0.05,-0.72,0.2,-0.42,2.97,-0.75,4.25,3.19,-0.65,4.0,2.51,0.22,7.75,2.63,0.26,13.25,2.73,0.6,11.75,2.64,0.68,15.75,3.11,-1.2,10.25,3.6,-0.62,6.25,2.78,0.26,19.0,,,,,,,,,,,,,,,,,,,,,,,,,,,,,,
171510,11,9,857,0,2.9,-0.21,0.05,-0.99,0.16,-0.61,3.07,-1.11,7.5,3.25,-1.0,4.25,2.62,-0.61,4.25,3.07,-0.78,6.25,2.54,-0.23,7.25,2.9,0.45,4.5,2.49,1.18,7.0,3.12,-1.16,10.75,3.6,-0.65,6.25,2.78,0.25,17.5,,,,,,,,,,,,,,,,,,,,,,,,,,,
171510,11,10,858,0,2.9,-0.2,0.08,-0.86,0.19,-0.45,2.53,0.29,8.5,2.6,0.36,15.75,2.6,0.49,14.75,2.69,0.67,6.25,3.6,-0.73,5.5,2.77,0.21,16.0,3.61,1.78,6.25,,,,,,,,,,,,,,,,,,,,,,,,,,,,,,,,,,,,
171510,11,11,859,0,2.9,-0.25,0.08,-0.83,0.16,-0.39,3.91,-0.98,5.5,2.6,0.03,4.5,2.7,-0.01,4.75,3.61,-0.62,4.0,2.79,0.14,15.0,,,,,,,,,,,,,,,,,,,,,,,,,,,,,,,,,,,,,,,,,,
171510,11,12,861,0,2.89,-0.27,0.02,-0.62,-0.1,0.22,2.83,-0.11,7.0,2.75,0.07,10.0,2.65,0.22,7.0,3.78,-1.07,7.5,3.9,-0.99,11.0,2.55,0.18,12.75,,,,,,,,,,,,,,,,,,,,,,,,,,,,,,,,,,,,,,,
171510,11,13,862,0,2.86,-0.28,-0.05,-0.5,-0.18,0.29,2.73,-0.18,10.5,2.82,-0.25,6.75,2.66,-0.03,8.5,2.57,0.19,14.0,,,,,,,,,,,,,,,,,,,,,,,,,,,,,,,,,,,,,,,,,,,,,
171510,11,14,863,0,2.83,-0.32,-0.12,-0.47,-0.24,0.3,3.96,-0.75,4.0,2.69,-0.33,7.0,2.75,-0.33,13.0,2.79,-0.31,9.75,3.17,-1.08,6.25,2.79,0.05,16.25,2.58,0.21,14.0,2.67,0.25,23.0,,,,,,,,,,,,,,,,,,,,,,,,,,,,,,,,,
171510,11,15,864,0,2.83,-0.41,-0.13,-0.5,-0.23,0.25,3.03,-0.99,8.25,2.88,-0.73,9.5,2.97,-0.86,11.5,3.79,-0.83,4.5,2.64,-0.07,9.5,2.73,0.12,10.5,3.19,-1.04,7.25,2.58,0.19,13.0,2.65,0.23,21.75,2.67,0.23,22.5,2.77,0.13,15.5,,,,,,,,,,,,,,,,,,,,,,,,
171510,11,16,865,0,2.83,-0.64,-0.15,-0.74,-0.23,0.05,2.91,-1.17,22.75,2.92,-1.23,20.25,3.03,-1.28,9.25,2.88,-0.98,18.0,3.53,-0.8,4.0,3.54,-0.81,4.0,2.66,-0.25,10.25,2.79,-0.33,13.0,3.84,-0.44,6.0,4.01,-0.43,5.25,2.66,-0.25,10.25,2.82,-0.88,17.0,2.58,0.2,13.0,2.65,0.21,22.0,2.68,0.19,22.75,2.79,0.11,16.0,,,,,,,,,
171510,11,17,866,0,2.85,-0.7,-0.15,-0.72,-0.23,0.06,2.91,-1.45,10.5,3.17,-1.31,9.25,3.46,-1.1,7.0,2.91,-0.77,12.0,3.76,-0.69,6.5,3.98,-0.65,4.0,2.71,-0.41,11.0,2.78,-0.35,17.5,2.83,-0.4,16.75,2.84,-0.43,16.75,2.59,0.12,11.25,2.67,0.11,20.75,2.7,0.09,22.25,,,,,,,,,,,,,,,,,,
171510,11,18,867,0,2.82,-0.85,-0.21,-0.83,-0.28,-0.03,2.75,-1.27,14.5,3.08,-1.41,5.0,2.7,-1.04,11.75,2.71,-1.18,16.25,2.99,-1.09,8.75,3.89,-1.05,4.0,3.86,-0.07,4.0,2.92,-1.12,20.5,2.95,-1.19,17.25,3.12,-1.16,8.25,2.84,-0.6,16.75,2.7,0.08,22.0,2.67,0.11,20.25,,,,,,,,,,,,,,,,,,
171510,11,19,868,0,2.84,-0.89,-0.26,-0.72,-0.38,0.1,2.57,-0.81,5.25,2.7,-0.84,11.75,2.8,-0.85,13.25,2.92,-0.92,11.5,3.03,-1.06,10.0,3.36,-0.76,5.25,3.6,-0.97,7.75,3.77,-0.88,11.0,3.36,-0.77,5.0,3.93,-0.87,10.0,2.9,-1.13,20.5,2.95,-1.2,17.5,3.12,-1.18,9.25,2.84,-0.69,18.5,3.55,-0.85,7.0,,,,,,,,,,,,
171510,11,20,869,0,2.85,-0.94,-0.24,-0.68,-0.32,0.13,2.77,-1.2,21.0,2.88,-1.16,25.25,2.59,-0.84,12.75,2.7,-0.85,17.75,2.95,-1.05,20.25,3.29,-0.67,8.0,3.73,-0.36,12.0,3.99,-0.52,11.25,3.82,-0.31,15.25,2.88,-1.16,22.25,2.94,-1.17,18.25,2.83,-0.89,19.5,3.21,-1.08,9.25,3.66,-0.88,13.5,,,,,,,,,,,,,,,
171510,11,21,870,0,2.85,-1.0,-0.24,-0.65,-0.29,0.14,2.79,-0.92,14.5,2.88,-0.99,23.5,2.93,-1.01,26.75,2.98,-1.02,22.75,3.11,-1.06,11.0,3.51,-0.87,6.0,3.72,-1.01,7.75,3.93,-0.91,6.5,2.86,-0.9,21.0,2.92,-1.05,24.0,2.97,-1.08,19.75,3.17,-1.12,10.0,,,,,,,,,,,,,,,,,,,,,
171510,11,22,871,0,2.86,-1.04,-0.18,-0.62,-0.16,0.12,3.03,-1.25,9.75,2.87,-0.95,21.5,2.93,-1.05,26.25,2.95,-1.05,21.75,3.39,-1.18,4.5,2.64,-0.74,13.0,2.75,-0.7,18.75,2.77,-1.14,23.0,2.88,-1.12,25.75,2.94,-1.11,21.25,3.18,-1.06,10.0,3.65,-0.91,13.25,2.75,-0.62,20.25,3.81,-0.74,18.0,3.96,-0.72,16.75,,,,,,,,,,,,
171510,11,23,872,0,2.9,-1.01,-0.07,-0.45,-0.01,0.25,2.63,-0.81,9.5,2.66,-0.9,18.0,3.63,-1.22,5.75,2.9,-0.69,16.0,3.05,-0.83,19.0,3.5,-0.98,5.5,3.93,-0.91,4.5,3.06,-0.69,21.25,3.23,-0.7,7.25,2.77,-1.12,23.25,2.69,-0.91,20.25,2.9,-1.06,25.5,2.95,-1.08,20.75,3.15,-1.15,8.75,2.66,-0.63,13.75,3.66,-0.89,12.75,3.82,-0.74,18.0,3.96,-0.75,17.25,,,
171510,11,24,873,0,2.93,-1.02,-0.02,-0.36,0.05,0.31,3.16,-1.25,9.5,2.59,-0.89,6.0,2.72,-0.95,15.5,2.8,-0.97,19.75,2.89,-0.92,18.5,3.42,-1.21,5.75,3.06,-0.83,13.0,3.79,-0.71,7.0,3.97,-0.68,6.0,2.75,-1.12,24.75,2.63,-0.85,13.75,2.68,-0.98,21.5,2.89,-1.02,25.75,2.95,-1.02,19.75,3.67,-0.92,12.75,3.82,-0.74,18.25,3.96,-0.73,17.5,,,,,,
171510,11,25,874,0,2.92,-1.07,0.0,-0.36,0.08,0.27,2.75,-1.07,17.25,2.81,-1.11,25.5,2.85,-1.11,26.25,2.94,-1.11,20.75,3.32,-1.27,5.0,3.1,-1.14,11.0,3.6,-0.93,12.25,3.82,-0.75,17.75,3.96,-0.74,17.25,,,,,,,,,,,,,,,,,,,,,,,,,,,,,,
171510,11,26,875,0,2.91,-1.1,-0.03,-0.33,0.03,0.28,2.68,-1.09,15.0,2.71,-1.1,19.0,3.13,-1.25,9.0,2.85,-1.04,15.5,3.02,-1.1,13.25,3.43,-1.07,4.25,3.63,-0.89,12.25,3.82,-0.77,18.25,3.95,-0.78,17.5,,,,,,,,,,,,,,,,,,,,,,,,,,,,,,
171510,11,27,876,0,2.92,-1.11,0.0,-0.25,0.05,0.32,2.89,-0.6,4.25,3.61,-0.94,12.25,3.83,-0.75,18.0,3.95,-0.78,17.25,,,,,,,,,,,,,,,,,,,,,,,,,,,,,,,,,,,,,,,,,,,,,
171510,11,28,877,0,2.91,-1.15,0.0,-0.27,0.07,0.28,2.65,-1.22,8.0,2.75,-1.22,15.75,2.82,-1.15,15.5,2.96,-1.1,9.0,2.76,-1.19,28.25,2.83,-1.15,28.75,2.95,-1.09,23.25,3.49,-1.07,12.25,,,,,,,,,,,,,,,,,,,,,,,,,,,,,,,,,
171532,12,1,919,0,2.85,0.56,0.05,-0.31,0.04,-0.25,2.81,-1.33,9.5,3.08,-1.03,10.75,3.27,-0.76,4.0,3.85,-0.69,4.5,3.94,-0.82,6.5,2.6,0.15,8.0,2.71,0.23,20.0,2.74,0.31,25.25,2.76,0.38,22.0,2.84,0.59,10.5,2.82,-1.31,13.0,2.91,-1.42,12.5,3.13,-1.28,7.5,3.55,-1.12,5.0,2.71,0.41,20.75,2.79,0.3,18.0,,,,,,,,,
171532,12,2,920,0,2.89,0.34,0.16,-0.62,0.17,-0.46,3.05,-1.42,5.5,3.03,-1.03,12.25,3.74,-1.03,4.25,3.92,-0.95,5.75,3.0,-0.67,14.0,2.56,-0.08,5.0,2.7,-0.07,14.75,2.76,0.03,18.5,2.86,0.02,15.75,2.85,-1.32,16.0,2.92,-1.36,15.25,3.01,-1.45,7.75,3.59,-1.0,4.25,,,,,,,,,,,,,,,,,,
171532,12,3,921,0,2.95,0.02,0.24,-1.05,0.21,-0.77,2.91,-1.04,13.5,3.0,-1.11,12.0,3.15,-1.15,4.5,3.91,-0.95,6.25,2.65,-0.58,9.5,2.74,-0.53,14.75,3.81,-0.74,4.25,2.86,-0.44,13.75,2.89,-1.27,19.5,2.95,-1.25,18.25,3.57,-0.9,4.75,,,,,,,,,,,,,,,,,,,,,,,,
171532,12,4,922,0,2.97,-0.27,0.22,-1.41,0.13,-0.99,2.95,-1.34,11.0,3.06,-1.51,8.5,3.51,-1.06,7.0,2.87,-0.85,13.25,2.69,-0.56,13.25,2.76,-0.51,20.25,2.81,-0.49,19.25,3.94,-0.83,6.75,3.8,-0.59,9.25,2.88,-1.23,19.25,2.96,-1.22,17.75,2.77,0.03,21.75,,,,,,,,,,,,,,,,,,,,,
171532,12,5,923,0,2.96,-0.57,0.1,-1.74,-0.07,-1.16,2.8,-1.45,11.75,3.06,-1.39,4.25,2.78,-1.15,16.5,3.07,-1.39,4.0,2.76,-0.87,20.0,2.65,-0.75,10.75,2.72,-0.79,19.5,3.64,-0.65,4.0,3.8,-0.64,6.25,3.98,-0.6,5.0,2.85,-1.23,19.0,2.96,-1.21,17.5,2.76,-0.08,22.25,,,,,,,,,,,,,,,,,,
171532,12,6,924,0,2.93,-0.64,-0.1,-1.56,-0.39,-0.85,2.68,-0.69,9.0,2.75,-0.72,19.0,2.78,-0.75,19.75,2.95,-0.7,15.0,3.25,-0.76,8.0,3.15,-0.66,14.25,3.97,-0.68,5.0,3.86,-0.44,5.25,2.84,-1.21,19.0,2.96,-1.22,17.75,3.63,-0.74,9.25,,,,,,,,,,,,,,,,,,,,,,,,
171532,12,7,925,0,2.94,-0.76,-0.16,-1.54,-0.47,-0.73,3.19,-1.27,8.75,3.02,-1.03,11.0,2.62,-0.76,7.0,2.76,-0.74,14.75,2.85,-0.73,17.75,2.92,-0.82,16.25,3.99,-0.56,11.25,3.76,-0.25,10.5,3.83,-0.36,15.25,2.85,-1.21,19.25,2.99,-1.21,18.0,2.83,-0.47,20.5,3.67,-0.81,17.25,3.77,-0.64,20.0,3.97,-0.66,15.5,2.76,-0.2,22.5,2.71,0.02,18.0,,,,,,
171532,12,8,926,0,2.9,-0.92,-0.34,-1.54,-0.69,-0.62,2.61,-0.97,6.0,2.77,-0.96,18.5,2.86,-1.01,25.75,2.91,-1.07,28.75,2.97,-1.08,25.75,3.08,-1.1,15.5,3.33,-1.18,6.0,3.7,-0.99,6.0,3.92,-0.93,4.5,3.21,-1.08,13.25,2.86,-0.71,22.5,3.63,-0.83,17.25,3.78,-0.62,19.75,2.78,-0.29,22.5,2.72,0.05,17.75,,,,,,,,,,,,
171532,12,9,927,0,2.86,-1.09,-0.42,-1.64,-0.7,-0.65,2.86,-1.66,5.5,2.52,-1.09,5.0,2.7,-1.13,15.25,2.82,-1.08,23.5,2.85,-1.08,24.5,2.91,-1.12,18.0,3.18,-1.07,14.0,3.64,-0.79,17.25,3.79,-0.62,19.75,,,,,,,,,,,,,,,,,,,,,,,,,,,,,,
171532,12,10,928,0,2.83,-1.22,-0.47,-1.6,-0.71,-0.55,2.74,-1.1,13.0,2.8,-1.19,22.25,2.84,-1.21,24.25,2.94,-1.18,20.5,3.1,-1.17,13.25,3.38,-1.06,6.5,3.65,-1.09,4.0,3.17,-1.1,14.5,2.68,-0.68,14.0,3.63,-0.8,17.0,3.79,-0.64,20.0,3.97,-0.7,17.25,,,,,,,,,,,,,,,,,,,,,
171532,12,11,929,0,2.8,-1.31,-0.53,-1.49,-0.73,-0.37,2.74,-1.14,12.25,2.79,-1.16,22.75,2.78,-1.18,23.0,2.92,-1.18,13.5,3.15,-1.2,11.25,3.34,-1.18,4.0,2.85,-0.96,27.0,3.2,-1.04,13.5,2.69,-0.65,14.0,2.8,-0.65,22.75,3.62,-0.85,17.0,3.79,-0.63,19.5,3.97,-0.67,16.75,,,,,,,,,,,,,,,,,,
171532,12,12,930,0,2.78,-1.36,-0.54,-1.33,-0.69,-0.17,2.7,-1.16,9.25,2.8,-1.2,19.5,2.89,-1.18,22.25,3.0,-1.16,20.5,3.13,-1.12,15.0,3.34,-1.05,5.75,3.61,-0.84,16.0,3.8,-0.63,19.0,3.97,-0.67,17.0,,,,,,,,,,,,,,,,,,,,,,,,,,,,,,
171532,12,13,931,0,2.75,-1.41,-0.57,-1.18,-0.67,0.0,2.68,-1.14,5.75,2.8,-1.17,15.0,2.82,-1.14,16.25,2.95,-1.08,7.5,2.6,-1.0,8.5,2.76,-0.99,20.5,3.61,-0.83,15.5,3.97,-0.67,17.25,,,,,,,,,,,,,,,,,,,,,,,,,,,,,,,,,
171532,12,14,932,0,2.72,-1.5,-0.58,-1.13,-0.61,0.03,2.93,-0.98,4.0,2.6,-0.99,8.25,2.75,-1.04,20.0,3.65,-0.61,13.5,3.97,-0.68,17.5,3.84,-0.56,18.5,,,,,,,,,,,,,,,,,,,,,,,,,,,,,,,,,,,,,,,
171532,12,15,933,0,2.71,-1.54,-0.52,-1.02,-0.48,0.11,2.78,-1.19,7.5,2.84,-1.24,10.0,2.94,-1.29,6.5,3.41,-1.13,9.25,,,,,,,,,,,,,,,,,,,,,,,,,,,,,,,,,,,,,,,,,,,,,
171532,12,16,934,0,2.74,-1.52,-0.43,-0.8,-0.36,0.29,3.15,-0.96,5.5,3.05,-0.76,4.25,3.28,-0.96,4.0,2.79,-1.22,28.0,3.07,-1.18,13.25,3.43,-1.13,8.75,3.68,-1.03,9.25,3.95,-0.8,6.75,,,,,,,,,,,,,,,,,,,,,,,,,,,,,,,,,
171532,12,17,935,0,2.74,-1.53,-0.39,-0.66,-0.29,0.38,2.76,-1.18,8.0,2.8,-1.21,8.75,2.72,-1.2,18.25,2.78,-1.22,28.25,3.11,-1.16,14.0,3.11,-1.16,14.25,3.44,-1.07,8.75,3.95,-0.77,7.25,,,,,,,,,,,,,,,,,,,,,,,,,,,,,,,,,
171532,12,18,936,0,2.8,-1.47,-0.22,-0.45,-0.09,0.5,2.84,-1.14,10.75,2.93,-1.08,14.5,3.02,-1.02,11.5,3.3,-0.69,4.5,2.73,-1.16,18.5,2.79,-1.21,28.25,3.66,-1.06,8.0,3.95,-0.81,6.25,,,,,,,,,,,,,,,,,,,,,,,,,,,,,,,,,
171532,12,19,937,0,2.85,-1.42,-0.12,-0.26,0.0,0.61,2.83,-1.24,9.5,2.92,-1.27,16.0,3.0,-1.22,16.25,3.11,-1.2,10.75,3.11,-1.16,15.0,3.7,-0.99,8.25,3.96,-0.71,8.0,,,,,,,,,,,,,,,,,,,,,,,,,,,,,,,,,,,,
171558,13,1,1040,0,2.73,-0.22,-0.05,-0.34,-0.2,-0.34,3.05,-1.14,6.5,2.98,-1.08,5.5,2.58,0.05,4.75,2.69,-0.01,4.25,2.9,-1.59,8.75,2.91,-1.14,18.75,2.92,-1.28,15.25,3.84,-0.92,6.0,2.83,-0.49,17.25,,,,,,,,,,,,,,,,,,,,,,,,,,,,,,
171559,14,1,1052,0,2.65,-0.21,-0.01,-0.45,0.11,-0.42,2.95,-1.11,15.25,2.96,-1.2,14.0,3.1,-1.18,6.0,2.92,-0.77,9.75,2.5,-0.09,8.5,2.56,-0.13,11.25,2.71,0.06,8.5,3.52,-0.96,4.25,3.86,-0.71,7.5,3.95,-0.8,10.25,2.76,0.09,13.75,,,,,,,,,,,,,,,,,,,,,,,,
171559,14,2,1053,0,2.69,-0.37,0.04,-0.68,0.14,-0.58,2.87,-1.19,15.25,3.03,-0.97,12.5,3.28,-0.82,5.5,2.81,-0.46,13.0,3.61,-0.76,5.5,3.79,-0.76,7.75,3.93,-0.89,7.25,2.54,-0.37,12.25,2.6,-0.37,19.75,2.65,-0.33,19.25,2.97,-1.17,15.75,3.09,-1.23,8.75,3.48,-1.06,4.75,3.85,-0.69,7.0,3.93,-0.86,9.5,,,,,,,,,,,,
171559,14,3,1054,0,2.7,-0.52,0.07,-0.87,0.15,-0.69,3.05,-1.54,4.25,2.79,-1.01,10.25,3.02,-1.12,6.75,2.72,-0.62,18.75,2.56,-0.46,8.5,2.65,-0.51,20.0,2.67,-0.55,23.25,3.79,-0.74,6.0,3.97,-0.7,5.0,3.46,-1.08,5.0,3.94,-0.84,9.0,,,,,,,,,,,,,,,,,,,,,,,,
171559,14,4,1055,0,2.7,-0.65,-0.02,-0.96,-0.05,-0.67,2.82,-1.16,12.5,2.94,-1.3,10.25,3.13,-1.3,5.5,2.64,-0.68,9.0,2.72,-0.7,15.5,2.77,-0.77,15.0,2.79,-0.45,15.25,3.95,-0.78,9.25,,,,,,,,,,,,,,,,,,,,,,,,,,,,,,,,,
171559,14,5,1056,0,2.68,-0.71,-0.17,-0.9,-0.32,-0.51,2.59,-0.79,10.25,2.65,-0.85,15.75,2.74,-0.87,14.75,2.89,-0.97,11.25,3.08,-0.94,9.25,3.27,-0.9,4.5,3.83,-0.6,5.25,2.73,-0.8,17.25,3.97,-0.69,8.5,2.62,-0.1,23.5,2.65,-0.24,22.75,2.56,-0.04,17.75,,,,,,,,,,,,,,,,,,,,,
171559,14,6,1057,0,2.68,-0.87,-0.21,-1.04,-0.35,-0.58,2.63,-0.99,19.25,2.69,-1.1,19.75,2.78,-1.16,17.0,2.56,-0.92,13.75,2.99,-1.09,10.75,3.24,-1.07,7.0,3.62,-0.77,5.75,3.96,-0.72,9.75,3.84,-0.55,10.0,2.68,-1.17,20.25,3.68,-0.89,18.0,3.79,-0.69,21.75,2.67,-0.34,22.75,3.99,-0.56,19.0,,,,,,,,,,,,,,,
171559,14,7,1058,0,2.7,-1.0,-0.17,-1.16,-0.26,-0.64,2.59,-1.0,12.75,2.69,-1.03,22.0,2.79,-1.05,26.25,2.87,-1.03,26.25,2.96,-1.01,20.25,3.17,-0.98,9.5,3.45,-1.17,8.5,3.67,-1.05,8.25,3.98,-0.59,5.75,3.63,-0.96,18.25,2.71,-0.45,22.0,3.79,-0.68,21.75,2.63,-0.26,21.5,3.99,-0.57,19.0,,,,,,,,,,,,,,,
171559,14,8,1059,0,2.71,-1.07,-0.17,-1.11,-0.26,-0.53,2.78,-1.06,23.25,2.64,-0.88,15.25,2.71,-0.93,24.75,2.73,-0.99,26.75,2.95,-0.98,13.75,3.18,-1.08,6.5,3.46,-1.1,4.5,3.63,-1.27,4.25,3.9,-0.99,5.0,2.98,-1.04,15.5,3.3,-1.1,11.75,3.63,-0.98,18.0,3.79,-0.69,21.25,3.99,-0.57,18.75,,,,,,,,,,,,,,,
171559,14,9,1060,0,2.72,-1.16,-0.15,-1.13,-0.2,-0.5,2.6,-0.99,5.5,2.72,-1.05,18.75,2.79,-1.07,25.5,2.84,-1.1,25.25,2.94,-1.1,19.5,3.12,-1.04,9.25,2.93,-1.18,21.5,3.23,-1.11,15.75,3.59,-0.99,18.25,3.78,-0.69,21.25,3.99,-0.57,18.75,,,,,,,,,,,,,,,,,,,,,,,,
171559,14,10,1061,0,2.76,-1.2,-0.12,-1.01,-0.21,-0.33,2.82,-1.1,16.25,2.85,-1.17,18.5,2.96,-1.24,14.5,2.75,-1.01,7.5,3.25,-1.17,12.25,3.46,-1.07,12.75,3.55,-1.1,9.0,3.23,-1.1,15.0,3.58,-1.02,18.75,3.78,-0.69,21.0,3.99,-0.55,18.5,,,,,,,,,,,,,,,,,,,,,,,,
171559,14,11,1062,0,2.74,-1.28,-0.19,-0.97,-0.3,-0.23,2.77,-1.27,21.5,2.7,-1.16,12.5,2.75,-1.24,20.75,2.85,-1.27,14.5,2.62,-0.88,13.75,3.21,-1.13,15.25,3.99,-0.55,18.5,,,,,,,,,,,,,,,,,,,,,,,,,,,,,,,,,,,,
171559,14,12,1063,0,2.73,-1.3,-0.23,-0.82,-0.37,-0.04,2.67,-1.17,10.25,2.76,-1.14,17.25,2.78,-1.15,17.0,2.9,-1.2,7.0,3.3,-0.96,4.25,2.62,-0.9,13.75,3.21,-1.09,14.75,3.99,-0.56,18.5,,,,,,,,,,,,,,,,,,,,,,,,,,,,,,,,,
171559,14,13,1064,0,2.7,-1.37,-0.29,-0.79,-0.41,0.0,2.69,-1.39,7.5,2.74,-1.33,9.25,3.87,-0.5,18.25,3.99,-0.57,18.0,,,,,,,,,,,,,,,,,,,,,,,,,,,,,,,,,,,,,,,,,,,,,
171559,14,14,1065,0,2.67,-1.45,-0.16,-0.4,0.0,0.0,2.89,-1.2,23.0,2.62,-0.95,13.0,,,,,,,,,,,,,,,,,,,,,,,,,,,,,,,,,,,,,,,,,,,,,,,,,,,
171559,14,15,1066,0,2.66,-1.44,-0.15,-0.32,0.0,0.07,2.75,-1.05,4.0,2.8,-1.2,29.25,2.88,-1.22,23.0,3.62,-1.05,8.25,,,,,,,,,,,,,,,,,,,,,,,,,,,,,,,,,,,,,,,,,,,,,
171609,15,1,1158,0,2.79,0.45,0.2,-0.26,0.31,-0.45,2.92,-1.47,4.75,2.89,-1.2,4.25,3.98,-0.64,5.5,3.82,-0.61,6.25,3.98,-0.64,5.5,2.59,0.08,17.0,2.63,0.08,14.75,2.53,0.13,12.0,2.75,0.33,6.25,2.94,-1.19,10.25,2.89,-1.05,14.5,3.78,-1.03,9.75,3.88,-1.08,11.25,2.56,0.03,23.25,2.63,0.07,20.0,,,,,,,,,,,,
171609,15,2,1159,0,2.84,0.32,0.26,-0.45,0.32,-0.56,2.88,-1.15,17.0,2.89,-1.25,13.75,2.89,-0.77,14.0,3.81,-0.73,8.5,3.93,-0.89,8.25,3.69,-0.56,4.0,2.67,0.01,10.25,2.75,0.18,12.75,2.86,-1.2,16.75,2.77,-0.91,14.25,3.63,-0.94,4.75,3.77,-1.06,10.5,3.89,-1.05,11.5,2.57,0.01,23.25,2.63,-0.04,20.0,,,,,,,,,,,,
171609,15,3,1160,0,2.84,0.26,0.23,-0.52,0.24,-0.57,2.83,-1.07,17.0,2.88,-1.19,8.25,2.82,-0.94,17.0,2.8,-0.12,13.0,2.67,0.14,9.5,3.55,1.51,4.0,2.72,-1.19,17.5,2.83,-1.19,19.25,3.86,-1.16,11.25,3.75,-1.12,10.0,3.65,-0.83,4.5,,,,,,,,,,,,,,,,,,,,,,,,
171609,15,4,1161,0,2.88,-0.08,0.23,-1.0,0.15,-0.91,3.56,-1.89,5.25,3.08,-0.72,7.25,3.74,-0.94,5.0,2.82,-0.59,14.5,2.96,-0.65,12.5,2.53,-0.3,6.75,2.64,-0.35,15.0,2.7,-0.43,16.5,2.87,-1.1,20.5,2.9,-1.18,13.75,2.81,-0.97,19.0,,,,,,,,,,,,,,,,,,,,,,,,
171609,15,5,1162,0,2.88,-0.21,0.2,-1.13,0.1,-0.94,2.87,-1.34,12.5,2.97,-1.56,4.75,2.82,-1.26,16.25,3.93,-0.89,4.25,2.53,-0.27,12.25,2.61,-0.25,18.5,2.83,-0.44,14.75,3.82,-0.53,5.5,2.69,-0.25,18.0,2.76,-1.06,19.25,2.84,-1.17,21.25,2.85,-1.28,14.25,2.65,-0.19,22.5,,,,,,,,,,,,,,,,,,
171609,15,6,1163,0,2.88,-0.49,0.11,-1.46,-0.07,-1.12,2.96,-1.27,10.25,2.6,-0.8,15.25,2.63,-0.8,20.25,2.83,-1.05,11.25,3.22,-1.08,6.5,2.72,-0.77,16.0,3.63,-0.61,4.25,3.83,-0.45,7.0,3.99,-0.56,5.5,2.73,-1.08,20.0,2.64,-0.28,23.0,,,,,,,,,,,,,,,,,,,,,,,,
171609,15,7,1164,0,2.86,-0.71,-0.01,-1.64,-0.24,-1.15,2.71,-1.24,14.25,2.67,-1.02,20.75,3.13,-1.27,5.25,2.62,-0.84,12.5,2.67,-0.92,20.5,3.03,-0.99,10.5,3.8,-0.78,6.75,3.94,-0.82,6.0,2.67,-0.35,22.0,2.4,0.14,4.75,,,,,,,,,,,,,,,,,,,,,,,,,,,
171609,15,8,1165,0,2.83,-0.85,-0.18,-1.63,-0.48,-0.98,2.79,-1.49,9.25,2.75,-1.22,15.5,3.14,-1.36,4.75,2.6,-0.78,13.25,2.67,-0.81,17.75,2.72,-0.98,17.75,3.53,-1.07,4.75,3.8,-0.67,6.25,3.98,-0.61,5.0,2.86,-1.31,15.75,3.0,-1.45,7.5,3.55,-1.09,6.25,3.9,-1.0,10.75,3.81,-0.82,11.0,2.67,-0.39,22.25,,,,,,,,,,,,
171609,15,9,1166,0,2.83,-0.95,-0.26,-1.55,-0.58,-0.8,2.83,-1.14,25.25,2.88,-1.2,18.5,2.83,-1.03,24.25,3.16,-1.09,8.0,2.62,-0.64,12.0,2.79,-0.75,17.0,2.47,-0.55,4.0,3.79,-0.66,12.25,3.96,-0.75,10.0,3.69,-0.56,9.0,3.26,-1.19,11.5,2.68,-0.46,22.25,2.61,-0.24,22.75,,,,,,,,,,,,,,,,,,
171609,15,10,1167,0,2.84,-1.09,-0.27,-1.6,-0.53,-0.78,2.83,-1.06,21.25,3.13,-1.18,11.75,2.56,-0.92,8.5,2.72,-0.98,14.75,2.9,-1.07,23.5,2.99,-1.03,19.5,3.42,-1.25,9.5,3.73,-0.87,10.5,3.95,-0.78,8.0,2.91,-1.2,20.25,3.23,-1.11,13.0,2.71,-0.59,22.0,2.62,-0.31,21.0,2.55,-0.17,14.5,,,,,,,,,,,,,,,
171609,15,11,1168,0,2.82,-1.18,-0.29,-1.53,-0.51,-0.63,2.79,-1.08,20.25,2.9,-1.16,11.75,2.63,-0.82,12.75,2.71,-0.89,20.75,2.74,-0.99,23.0,3.21,-1.1,4.75,3.49,-1.08,5.25,3.62,-1.22,4.25,2.72,-1.22,25.0,2.92,-1.19,20.25,2.71,-0.63,22.25,3.68,-0.77,17.5,2.56,-0.31,12.5,2.63,-0.37,20.5,3.8,-0.58,21.0,,,,,,,,,,,,
171609,15,12,1169,0,2.84,-1.2,-0.29,-1.29,-0.51,-0.32,3.15,-1.43,11.25,2.61,-0.86,7.5,2.74,-0.94,17.0,3.45,-1.11,11.5,3.56,-1.1,6.5,2.86,-0.85,22.0,2.92,-0.78,22.0,3.07,-0.69,13.75,2.7,-1.22,25.25,2.8,-1.24,26.5,2.7,-0.61,23.0,3.66,-0.82,17.5,3.8,-0.57,20.75,,,,,,,,,,,,,,,,,,
171609,15,13,1170,0,2.84,-1.25,-0.26,-1.19,-0.41,-0.21,2.86,-1.69,7.75,2.61,-0.9,18.75,2.67,-0.92,26.0,2.74,-0.98,27.0,2.84,-1.0,24.75,2.93,-1.06,17.25,3.45,-1.14,6.0,3.7,-0.9,5.0,2.71,-1.18,25.75,2.82,-1.21,27.0,,,,,,,,,,,,,,,,,,,,,,,,,,,
171609,15,14,1171,0,2.83,-1.32,-0.24,-1.13,-0.35,-0.14,2.72,-1.1,18.5,2.79,-1.11,25.0,2.85,-1.11,25.25,2.93,-1.14,20.5,3.07,-1.18,10.75,2.62,-0.94,4.5,2.71,-1.19,27.25,2.83,-1.16,27.75,2.67,-0.95,24.25,,,,,,,,,,,,,,,,,,,,,,,,,,,,,,
171609,15,15,1172,0,2.8,-1.38,-0.3,-1.02,-0.43,0.0,2.63,-1.22,12.25,2.71,-1.25,18.0,2.79,-1.24,17.25,2.91,-1.26,12.0,3.14,-1.19,6.75,2.8,-1.2,29.25,4.0,-0.49,17.5,,,,,,,,,,,,,,,,,,,,,,,,,,,,,,,,,,,,
171609,15,16,1173,0,2.78,-1.41,-0.36,-0.86,-0.49,0.18,2.67,-1.24,16.0,2.71,-1.27,23.75,2.7,-1.3,22.75,2.77,-1.37,11.75,3.5,-1.15,6.25,3.66,-1.05,5.25,4.0,-0.48,17.0,,,,,,,,,,,,,,,,,,,,,,,,,,,,,,,,,,,,
171609,15,17,1174,0,2.76,-1.43,-0.37,-0.72,-0.47,0.3,2.65,-1.2,13.0,2.72,-1.21,18.5,2.76,-1.23,17.25,2.9,-1.23,10.5,3.17,-1.12,4.0,2.82,-1.12,28.5,2.95,-1.08,21.75,,,,,,,,,,,,,,,,,,,,,,,,,,,,,,,,,,,,
171609,15,18,1175,0,2.76,-1.46,-0.33,-0.63,-0.37,0.33,2.78,-1.19,7.75,2.85,-1.23,10.25,2.98,-1.21,7.75,2.77,-1.19,28.25,2.9,-1.2,20.75,,,,,,,,,,,,,,,,,,,,,,,,,,,,,,,,,,,,,,,,,,
171609,15,19,1176,0,2.78,-1.45,-0.26,-0.5,-0.26,0.4,2.98,-0.99,4.75,3.14,-0.95,5.0,2.78,-1.16,28.5,2.93,-1.18,21.75,3.19,-1.2,15.5,3.79,-1.38,8.75,,,,,,,,,,,,,,,,,,,,,,,,,,,,,,,,,,,,,,,
171636,16,1,1240,0,2.74,-0.42,0.17,-0.51,0.22,-0.45,3.02,-1.53,6.0,2.93,-1.32,9.75,2.85,-0.92,12.5,2.65,-0.7,15.25,2.69,-0.7,21.0,2.74,-0.69,18.75,3.8,-0.75,6.0,3.96,-0.73,5.5,3.03,-1.39,6.25,2.57,0.0,15.75,,,,,,,,,,,,,,,,,,,,,,,,,,,
171636,16,2,1241,0,2.76,-0.64,0.16,-0.86,0.15,-0.72,2.82,-1.12,13.5,2.61,-0.84,9.75,2.68,-0.89,17.25,2.72,-0.96,17.5,3.04,-1.08,11.75,3.47,-1.09,4.5,3.66,-1.22,5.75,3.83,-1.24,5.25,3.25,-0.94,7.5,3.02,-1.42,6.0,2.77,-0.83,17.75,,,,,,,,,,,,,,,,,,,,,,,,
171636,16,3,1242,0,2.76,-0.77,0.03,-0.97,-0.09,-0.72,2.7,-1.13,14.25,2.82,-1.24,15.25,2.93,-1.25,11.75,2.43,-0.77,5.5,3.21,-1.13,5.75,2.56,-0.74,14.0,2.65,-0.69,15.25,3.61,-0.8,5.75,3.76,-0.84,8.5,3.96,-0.76,7.0,2.76,-0.83,17.5,2.66,-0.35,22.0,2.57,-0.09,15.0,2.63,-0.24,22.0,,,,,,,,,,,,,,,
171636,16,4,1243,0,2.77,-0.85,-0.02,-0.97,-0.18,-0.63,2.47,-0.75,11.0,2.62,-0.79,22.25,2.68,-0.94,19.25,2.84,-1.04,15.0,2.56,-0.76,20.0,3.1,-0.92,11.75,3.27,-0.96,9.75,3.6,-0.74,6.75,3.8,-0.75,10.75,3.94,-0.84,9.25,2.95,-1.21,12.75,2.71,-0.9,20.25,3.28,-1.09,9.75,3.89,-1.06,9.5,2.6,-0.53,23.25,2.64,-0.57,23.75,2.56,-0.4,14.5,,,,,,
171636,16,5,1244,0,2.77,-0.95,-0.09,-1.0,-0.3,-0.57,2.58,-0.99,7.5,2.69,-1.03,18.25,2.73,-1.06,21.5,2.8,-1.09,18.5,2.97,-1.04,12.25,3.33,-0.89,6.0,3.56,-0.98,10.0,3.64,-1.03,9.0,3.91,-0.96,5.0,2.99,-1.17,14.0,2.72,-0.85,21.75,2.65,-0.62,25.0,2.6,-0.53,23.75,2.55,-0.41,15.5,,,,,,,,,,,,,,,
171636,16,6,1245,0,2.76,-1.05,-0.19,-1.02,-0.44,-0.5,2.51,-1.09,11.75,2.55,-1.13,18.25,2.65,-1.11,16.0,2.87,-1.14,14.5,3.0,-1.22,14.5,3.17,-1.21,9.75,3.44,-1.08,8.0,3.64,-1.0,5.75,2.74,-0.83,21.5,3.31,-1.03,12.5,2.59,-0.61,23.75,2.63,-0.68,24.75,3.53,-1.05,15.75,2.53,-0.54,15.25,,,,,,,,,,,,,,,
171636,16,7,1246,0,2.76,-1.15,-0.22,-1.05,-0.44,-0.48,2.68,-1.23,17.75,2.67,-1.36,16.0,2.87,-1.35,7.75,2.66,-1.13,13.25,3.41,-0.88,8.5,3.49,-1.02,10.25,3.61,-1.04,6.0,2.66,-1.15,24.75,2.63,-0.81,25.0,2.5,-0.65,14.5,2.57,-0.69,23.25,3.35,-0.97,13.25,,,,,,,,,,,,,,,,,,,,,
171636,16,8,1247,0,2.74,-1.24,-0.26,-1.07,-0.43,-0.45,2.66,-1.05,8.5,2.7,-1.13,12.0,2.78,-1.16,9.25,2.7,-1.3,24.5,2.68,-1.09,27.5,2.46,-0.8,13.5,2.57,-0.83,22.5,2.63,-0.94,26.5,3.35,-1.02,15.25,3.5,-1.08,18.25,3.6,-1.05,15.75,,,,,,,,,,,,,,,,,,,,,,,,
171636,16,9,1248,0,2.7,-1.32,-0.35,-1.04,-0.53,-0.35,2.64,-1.22,9.25,2.66,-1.37,16.25,2.71,-1.39,16.25,2.84,-1.35,10.25,2.67,-1.34,24.25,2.65,-1.18,27.25,2.47,-0.77,13.25,2.64,-0.93,26.0,3.35,-1.04,14.5,3.51,-1.08,17.25,,,,,,,,,,,,,,,,,,,,,,,,,,,
171636,16,10,1249,0,2.69,-1.33,-0.37,-0.86,-0.53,-0.13,2.59,-1.15,8.25,2.75,-1.06,11.5,2.83,-1.09,10.75,3.31,-1.05,6.0,2.7,-1.28,25.75,2.67,-1.18,28.5,2.88,-1.29,15.25,2.65,-0.95,26.25,3.32,-1.06,14.5,3.5,-1.07,17.25,,,,,,,,,,,,,,,,,,,,,,,,,,,
171636,16,11,1250,0,2.67,-1.39,-0.4,-0.84,-0.51,-0.1,2.76,-1.43,5.25,3.02,-1.27,4.25,2.7,-1.27,26.0,2.65,-1.0,26.25,2.69,-1.16,29.0,2.46,-0.79,13.25,2.56,-0.83,22.0,3.28,-1.14,14.75,,,,,,,,,,,,,,,,,,,,,,,,,,,,,,,,,
171636,16,12,1251,0,2.68,-1.39,-0.32,-0.71,-0.37,0.0,2.67,-1.02,6.5,2.76,-1.03,10.75,2.8,-1.11,8.0,2.59,-1.07,13.25,2.68,-1.11,26.25,2.71,-1.15,30.5,,,,,,,,,,,,,,,,,,,,,,,,,,,,,,,,,,,,,,,
171636,16,13,1252,0,2.69,-1.38,-0.3,-0.56,-0.33,0.14,2.77,-0.97,5.5,2.88,-1.01,4.0,2.6,-1.07,13.25,2.69,-1.1,27.0,2.71,-1.14,31.25,2.71,-1.21,27.75,3.45,-1.12,16.0,3.55,-1.13,12.0,,,,,,,,,,,,,,,,,,,,,,,,,,,,,,,,,
171636,16,14,1253,0,2.69,-1.38,-0.28,-0.46,-0.27,0.2,2.73,-1.11,5.5,2.81,-1.23,4.5,2.6,-1.07,14.0,2.71,-1.2,29.25,3.42,-1.14,14.25,3.54,-1.13,8.75,,,,,,,,,,,,,,,,,,,,,,,,,,,,,,,,,,,,,,,
171636,16,15,1254,0,2.7,-1.37,-0.23,-0.37,-0.2,0.26,2.79,-0.91,4.0,2.6,-1.08,14.25,2.84,-1.26,18.0,3.42,-1.17,12.5,3.57,-1.06,7.5,,,,,,,,,,,,,,,,,,,,,,,,,,,,,,,,,,,,,,,,,,
171647,17,1,1292,0,2.72,-0.21,0.14,-0.57,0.29,-0.67,3.02,-1.55,4.5,2.84,-1.07,15.0,2.89,-1.3,11.25,3.53,-1.08,5.5,2.69,-0.77,18.0,3.88,-1.09,4.0,2.53,-0.41,20.25,2.57,-0.47,26.75,2.59,-0.54,25.5,3.73,-0.85,6.5,2.4,-0.38,5.0,2.68,-1.09,18.5,3.66,-0.91,10.5,3.74,-0.9,14.5,3.87,-1.12,11.25,3.44,-0.58,4.25,2.52,0.03,22.5,2.41,0.11,12.0,,,
171647,17,2,1293,0,2.74,-0.48,0.18,-0.96,0.31,-0.92,2.93,-1.26,6.0,2.75,-0.99,10.5,2.5,-0.74,11.25,2.59,-0.76,23.0,2.61,-0.76,26.0,2.66,-0.77,21.25,3.8,-0.69,6.0,3.94,-0.86,4.75,3.6,-1.06,11.25,3.72,-0.92,14.0,3.86,-1.15,10.5,2.42,0.1,11.5,,,,,,,,,,,,,,,,,,,,,
171647,17,3,1294,0,2.73,-0.61,0.02,-1.02,-0.03,-0.85,2.85,-1.18,13.25,3.0,-1.09,11.75,3.26,-1.01,4.75,3.65,-1.18,9.5,3.82,-1.29,6.0,2.6,-0.69,10.75,2.69,-0.7,15.25,2.78,-0.82,13.5,3.59,-0.97,7.0,3.83,-1.26,11.0,2.6,-0.62,26.0,3.38,-0.97,7.25,3.6,-1.0,12.75,3.68,-1.01,14.25,,,,,,,,,,,,,,,
171647,17,4,1295,0,2.76,-0.72,-0.09,-1.03,-0.26,-0.74,2.83,-0.92,19.0,2.93,-0.89,19.25,3.26,-1.06,8.25,2.58,-0.72,11.0,2.72,-0.81,14.25,3.05,-0.86,13.5,3.56,-0.94,11.0,3.66,-0.89,10.25,3.88,-1.08,4.75,3.4,-1.09,9.0,2.61,-0.62,26.5,3.72,-0.78,19.25,3.81,-0.61,23.25,3.99,-0.58,20.5,,,,,,,,,,,,,,,
171647,17,5,1296,0,2.75,-0.87,-0.19,-1.15,-0.4,-0.75,2.85,-1.11,19.5,2.91,-1.23,14.5,3.1,-1.32,7.5,3.38,-1.38,6.5,3.52,-1.51,6.75,3.77,-1.41,5.0,2.43,-0.76,5.25,2.54,-0.83,13.5,2.8,-0.99,19.25,2.7,-0.8,15.75,3.33,-1.13,10.75,2.61,-0.67,26.0,3.73,-0.7,18.25,2.58,-0.38,26.5,3.82,-0.56,22.5,3.99,-0.56,20.0,,,,,,,,,
171647,17,6,1297,0,2.76,-0.96,-0.25,-1.14,-0.46,-0.65,2.93,-1.17,19.0,3.14,-1.19,14.0,2.46,-0.77,4.0,2.61,-0.87,15.75,2.73,-0.87,23.0,2.81,-0.89,26.5,2.86,-0.97,25.25,3.39,-1.12,8.5,3.73,-0.77,6.5,3.98,-0.65,5.25,3.31,-1.12,13.75,3.7,-0.73,18.25,3.82,-0.58,22.5,3.99,-0.57,20.25,,,,,,,,,,,,,,,
171647,17,7,1298,0,2.78,-1.02,-0.21,-1.09,-0.37,-0.55,2.43,-0.81,4.5,2.59,-0.84,14.75,2.7,-0.86,20.5,2.79,-0.89,23.0,2.86,-0.88,20.5,3.31,-1.02,9.75,3.05,-0.77,12.5,3.56,-1.01,11.75,3.73,-0.84,12.75,3.95,-0.8,9.25,3.31,-1.12,14.25,3.69,-0.77,18.5,3.82,-0.58,22.5,3.99,-0.55,20.25,,,,,,,,,,,,,,,
171647,17,8,1299,0,2.8,-1.1,-0.17,-1.1,-0.27,-0.52,2.57,-1.0,13.75,2.67,-1.02,21.75,2.94,-1.11,15.0,2.75,-0.99,24.0,2.85,-0.97,21.75,3.84,-1.21,6.75,3.26,-0.96,8.5,3.55,-0.88,9.25,3.71,-0.88,8.25,2.82,-1.04,24.25,2.98,-1.09,15.5,3.3,-1.12,14.0,2.54,-0.44,17.25,2.61,-0.59,25.0,3.7,-0.73,18.5,3.82,-0.59,22.75,3.99,-0.58,20.5,,,,,,
171647,17,9,1300,0,2.76,-1.19,-0.26,-1.07,-0.38,-0.42,2.64,-1.2,22.75,2.66,-1.21,26.75,2.56,-1.12,9.75,2.73,-1.2,23.0,2.9,-1.15,15.0,3.14,-1.12,6.25,2.82,-1.05,25.75,2.66,-0.84,27.75,2.74,-0.96,28.0,2.51,-0.73,12.25,3.69,-0.73,18.25,3.82,-0.57,22.5,3.99,-0.56,20.5,,,,,,,,,,,,,,,,,,
171647,17,10,1301,0,2.74,-1.28,-0.3,-1.06,-0.41,-0.36,2.63,-1.3,14.25,2.71,-1.31,21.75,2.83,-1.27,22.0,2.97,-1.19,20.25,3.06,-1.25,13.25,2.69,-0.93,25.5,2.75,-1.0,28.0,2.84,-1.03,25.5,3.68,-0.71,18.25,3.83,-0.56,22.5,3.99,-0.57,20.5,,,,,,,,,,,,,,,,,,,,,,,,
171647,17,11,1302,0,2.72,-1.31,-0.35,-0.92,-0.47,-0.17,2.55,-1.13,9.25,2.63,-1.18,21.0,2.65,-1.18,23.75,2.72,-1.18,19.0,2.88,-1.19,9.5,3.74,-0.9,4.25,2.73,-1.07,29.0,3.67,-0.76,19.25,3.81,-0.58,22.75,3.99,-0.59,20.5,,,,,,,,,,,,,,,,,,,,,,,,,,,
171647,17,12,1303,0,2.66,-1.43,-0.42,-0.99,-0.49,-0.22,2.28,-1.96,5.0,2.51,-1.44,9.75,2.55,-1.26,7.75,2.8,-1.11,26.25,3.47,-1.12,14.0,3.69,-0.94,14.0,3.94,-0.86,11.25,,,,,,,,,,,,,,,,,,,,,,,,,,,,,,,,,,,,
171647,17,13,1304,0,2.65,-1.46,-0.39,-0.91,-0.39,-0.15,2.59,-1.2,14.5,2.62,-1.19,16.25,2.5,-1.12,4.0,2.75,-1.11,9.0,2.81,-1.06,26.25,2.94,-1.12,19.0,3.46,-1.22,12.25,3.66,-1.07,12.25,3.92,-0.95,9.25,,,,,,,,,,,,,,,,,,,,,,,,,,,,,,
171647,17,14,1305,0,2.67,-1.47,-0.31,-0.8,-0.28,-0.05,3.03,-0.93,4.25,3.11,-1.01,5.5,2.66,-1.14,24.0,2.7,-1.19,28.75,2.76,-1.17,26.25,2.6,-0.94,14.25,3.51,-1.09,12.0,3.64,-1.14,11.75,3.92,-0.92,9.25,,,,,,,,,,,,,,,,,,,,,,,,,,,,,,
171647,17,15,1306,0,2.64,-1.55,-0.17,-0.4,0.0,0.0,2.64,-1.23,23.75,2.67,-1.24,28.5,2.56,-1.14,9.75,2.75,-1.21,25.5,2.92,-1.14,19.25,3.52,-1.04,11.25,3.67,-1.08,11.75,3.89,-1.03,9.0,,,,,,,,,,,,,,,,,,,,,,,,,,,,,,,,,
171647,17,16,1307,0,2.66,-1.53,-0.12,-0.3,0.04,0.09,3.06,-1.16,4.25,2.63,-1.22,24.75,2.64,-1.26,29.0,2.71,-1.26,25.0,3.04,-1.39,9.25,2.56,-1.14,10.5,2.89,-1.19,18.25,3.51,-1.08,8.5,3.68,-1.09,9.5,3.88,-1.07,7.5,,,,,,,,,,,,,,,,,,,,,,,,,,,
